Wall time,Step,Value
1703245713.389915,256901120,2.900604724884033
1703246072.7687054,488636416,2.8596389293670654
1703246221.1346083,584056832,2.8478968143463135
1703246398.2786055,691011584,2.8460936546325684
1703246644.632741,844103680,2.8351006507873535
1703247039.4382575,1076887552,2.81599497795105
1703247224.560834,1188036608,2.8292236328125
1703247779.9515338,1529872384,2.8059933185577393
1703247839.759337,1567621120,2.8120100498199463
1703247868.4511015,1584398336,2.8070013523101807
1703248587.8859549,2035286016,2.777116298675537
1703248620.630083,2056257536,2.7871482372283936
1703249537.5387936,2625634304,2.7336173057556152
1703249849.4390419,2824863744,2.7137856483459473
1703249891.1593814,2850029568,2.7280681133270264
1703250511.1565416,3233808384,2.7023634910583496
1703250775.4947062,3399483392,2.6794745922088623
1703250814.8298802,3424649216,2.6804590225219727
1703251312.0778089,3740270592,2.6724021434783936
1703252230.5470994,4322230272,2.6456096172332764
1703252331.5455334,4385144832,2.639967679977417
1703252959.1533499,4786749440,2.6192626953125
1703253832.0972025,5338300416,2.59714412689209
1703253994.6819038,5440012288,2.603503465652466
1703254117.0801582,5518655488,2.602116823196411
1703254171.1767075,5553258496,2.5980796813964844
1703254280.343007,5623513088,2.5922157764434814
1703254431.9143674,5719982080,2.5865535736083984
1703254783.0296154,5943328768,2.5901827812194824
1703255057.131569,6116343808,2.577867031097412
1703255111.5264165,6151995392,2.5713071823120117
1703255299.1106658,6272581632,2.561215400695801
1703255324.8507733,6289358848,2.5572986602783203
1703255430.0189211,6348079104,2.5692875385284424
1703255801.4569995,6585057280,2.563115358352661
1703255892.5400734,6642728960,2.560943365097046
1703256279.2433712,6889144320,2.5486485958099365
1703256542.57725,7057965056,2.553128242492676
1703256742.2342105,7183794176,2.548097610473633
1703256972.8853984,7331643392,2.5429577827453613
1703257413.5302396,7606370304,2.5337653160095215
1703257714.7745528,7798259712,2.5384154319763184
1703257760.3603663,7827619840,2.5426132678985596
1703258052.6223302,8016363520,2.5207815170288086
1703258194.8943543,8106541056,2.5254077911376953
1703258610.8955474,8374976512,2.5170233249664307
1703258846.6775162,8517582848,2.5303821563720703
1703259121.5526571,8694792192,2.510080099105835
1703259548.0502949,8964276224,2.5012524127960205
1703259558.031079,8970567680,2.5163536071777344
1703259661.2564042,9037676544,2.5209290981292725
1703259728.056141,9080668160,2.5310237407684326
1703259784.9639022,9117368320,2.509594440460205
1703259835.1464417,9148825600,2.5150914192199707
1703259884.668987,9178185728,2.500454902648926
1703259923.2665865,9203351552,2.513608932495117
1703260549.765062,9597616128,2.5081543922424316
1703260712.9715576,9702473728,2.519347906112671
1703260775.8089492,9743368192,2.4968879222869873
1703260835.9414818,9781116928,2.4982733726501465
1703260887.9677331,9814671360,2.5017075538635254
1703261476.643253,10184818688,2.491807460784912
1703261543.0323975,10227810304,2.4917497634887695
1703261681.6441898,10315890688,2.491337776184082
1703261773.582215,10375659520,2.492074489593506
1703261812.454611,10399776768,2.5013539791107178
1703261864.2377448,10433331200,2.496532678604126
1703261913.7242537,10464788480,2.4882094860076904
1703262061.396534,10552868864,2.4932281970977783
1703262156.822266,10613686272,2.4942054748535156
1703262269.78172,10687086592,2.485044002532959
1703262684.5106435,10953424896,2.4782233238220215
1703262803.9230158,11029970944,2.4714889526367188
1703263011.0131054,11163140096,2.5111165046691895
1703263112.4952035,11228151808,2.4843976497650146
1703263635.7501292,11559501824,2.4698476791381836
1703263790.9081283,11659116544,2.4813759326934814
1703264935.7318726,12394168320,2.467146635055542
1703265014.5619678,12444499968,2.458073616027832
1703265287.6549523,12612272128,2.4790878295898438
1703265367.8547075,12663652352,2.4697043895721436
1703265820.9375832,12955156480,2.466689348220825
1703265894.535432,13001293824,2.475825786590576
1703266020.0120428,13083082752,2.4623866081237793
1703266723.1897879,13532921856,2.4514455795288086
1703267387.4249785,13951303680,2.4390671253204346
1703267525.224223,14039384064,2.457799196243286
1703267745.1809385,14179893248,2.4550514221191406
1703267790.1050255,14209253376,2.4464290142059326
1703267941.1017873,14305722368,2.4505481719970703
1703267949.3032117,14310965248,2.450242519378662
1703268204.0721436,14473494528,2.457226037979126
1703268281.804299,14522777600,2.4666285514831543
1703268481.204888,14650703872,2.4510889053344727
1703268618.343563,14729347072,2.449220895767212
1703268853.0364738,14878244864,2.440114736557007
1703268978.2041478,14958985216,2.4475622177124023
1703269602.957379,15357444096,2.4427030086517334
1703269772.0564358,15462301696,2.4547200202941895
1703269948.5105753,15573450752,2.4416959285736084
1703269969.9816785,15587082240,2.446807384490967
1703270320.5741885,15797846016,2.4305357933044434
1703270328.8041418,15803088896,2.442099094390869
1703270831.8726294,16118710272,2.4238288402557373
1703271228.9840448,16369319936,2.4413323402404785
1703272230.5863519,17030971392,2.4218788146972656
1703272467.2843015,17189306368,2.426435947418213
1703273163.3355918,17652776960,2.4373862743377686
1703273213.5819407,17686331392,2.427663803100586
1703273240.1860178,17704157184,2.4240474700927734
1703273277.8369746,17729323008,2.437701463699341
1703273340.6035151,17771266048,2.428635597229004
1703275205.089442,19002294272,2.433253765106201
1703275217.6217415,19010682880,2.4163427352905273
1703275230.155271,19019071488,2.4272119998931885
1703275652.1064308,19300089856,2.422264575958252
1703275771.4182606,19379781632,2.3998820781707764
1703276208.614857,19671285760,2.404111385345459
1703276218.04998,19677577216,2.4139668941497803
1703276265.0049586,19709034496,2.409667491912842
1703276767.3297193,20038287360,2.4195053577423096
1703276925.4760587,20143144960,2.408560276031494
1703277097.8690047,20258488320,2.419830560684204
1703277188.9675632,20319305728,2.410491943359375
1703277385.1628559,20449329152,2.4188244342803955
1703277455.7229753,20496515072,2.414530038833618
1703277566.7665863,20570963968,2.415428876876831
1703277919.341198,20805844992,2.4275565147399902
1703278166.8243475,20971520000,2.4128365516662598
1703279149.5941496,21620588544,2.4060137271881104
1703279193.5663145,21649948672,2.4303722381591797
1703279500.5740159,21854420992,2.41025972366333
1703279699.4792147,21987590144,2.4254953861236572
1703279817.1284254,22058893312,2.4029541015625
1703279842.2874303,22075670528,2.406400203704834
1703279962.9641445,22156410880,2.4176981449127197
1703280179.224553,22301114368,2.4047632217407227
1703280249.8227854,22347251712,2.3922712802886963
1703280823.4131427,22729981952,2.4149348735809326
1703281441.1010623,23135780864,2.4072253704071045
1703281596.2570877,23239589888,2.4112465381622314
1703282445.59869,23805820928,2.3981518745422363
1703283033.9681005,24192745472,2.405742883682251
1703283090.2627356,24229445632,2.3932671546936035
1703283562.09646,24544018432,2.4033050537109375
1703283709.4529624,24642584576,2.3906173706054688
1703285098.285333,25563234304,2.4028334617614746
1703285240.6640034,25658654720,2.391481399536133
1703285632.604609,25919750144,2.3925912380218506
1703285695.292918,25961693184,2.3907623291015625
1703285804.827732,26035093504,2.3869717121124268
1703285978.8813615,26150436864,2.393747329711914
1703286061.9488697,26206011392,2.388221263885498
1703286261.9634118,26332889088,2.3712220191955566
1703286787.6441765,26681016320,2.404442071914673
1703287113.1642573,26895974400,2.380244255065918
1703287557.0827239,27189575680,2.397789716720581
1703288159.110847,27581743104,2.379504680633545
1703288276.1757212,27659337728,2.3866469860076904
1703288703.1497347,27941404672,2.3768110275268555
1703288777.7716231,27990687744,2.3881349563598633
1703288973.852923,28119662592,2.389504909515381
1703289298.037541,28327280640,2.397221565246582
1703289321.7376301,28343009280,2.3919718265533447
1703289440.7944736,28421652480,2.3850319385528564
1703289765.751738,28635561984,2.392199993133545
1703290533.294859,29143072768,2.3846566677093506
1703290598.1249394,29186064384,2.3715693950653076
1703290694.634557,29250027520,2.3799357414245605
1703290883.119693,29367468032,2.3883731365203857
1703291035.3134172,29468131328,2.3724098205566406
1703292132.8206935,30193745920,2.3721847534179688
1703292416.0356681,30380392448,2.3906989097595215
1703292434.9383752,30392975360,2.368332862854004
1703292962.6549873,30734811136,2.3735480308532715
1703293248.7027597,30923554816,2.368138313293457
1703293367.2260826,31002198016,2.3671340942382812
1703293454.277692,31059869696,2.378330707550049
1703293479.555988,31076646912,2.361720085144043
1703293544.3783813,31119638528,2.381801128387451
1703293789.6279683,31281119232,2.390272378921509
1703293857.9229054,31326208000,2.3886280059814453
1703294155.4163656,31516000256,2.367408514022827
1703294195.082936,31542214656,2.3636558055877686
1703294545.3986773,31772901376,2.3766815662384033
1703295184.3672686,32195477504,2.3710761070251465
1703295527.725875,32421969920,2.3530611991882324
1703295591.0628843,32463912960,2.3905930519104004
1703295603.6918101,32472301568,2.3718104362487793
1703296263.013253,32901169152,2.3682775497436523
1703296316.9559958,32936820736,2.3663740158081055
1703296713.9198694,33198964736,2.350497245788574
1703297123.834772,33469497344,2.3647799491882324
1703297179.6502962,33506197504,2.3664402961730957
1703297216.1025167,33530314752,2.356064558029175
1703297286.1087432,33570160640,2.378067970275879
1703298555.5693784,34405875712,2.380213737487793
1703298576.1616633,34419507200,2.375563383102417
1703299310.3025131,34896609280,2.3642733097076416
1703299516.0081806,35031875584,2.385762929916382
1703299981.669056,35339108352,2.3694095611572266
1703300143.1734664,35446063104,2.3786003589630127
1703300239.8154886,35510026240,2.361588716506958
1703301203.4969187,36139171840,2.363403558731079
1703301977.4180634,36649828352,2.348271131515503
1703302002.633401,36666605568,2.3658061027526855
1703302287.1982582,36848009216,2.355926990509033
1703302409.2765548,36928749568,2.3576741218566895
1703302662.7829921,37096521728,2.352240562438965
1703302822.4961782,37201379328,2.3450534343719482
1703302939.6325476,37278973952,2.369313955307007
1703303183.8130255,37439406080,2.3471925258636475
1703303514.8649569,37658558464,2.359617233276367
1703303570.1541226,37695258624,2.358466386795044
1703304458.29285,38275121152,2.3712751865386963
1703304765.1931534,38477496320,2.380586624145508
1703305076.8269434,38684065792,2.3605918884277344
1703305097.3420777,38696648704,2.3383569717407227
1703305244.614694,38794166272,2.362406015396118
1703305362.933117,38866518016,2.3629393577575684
1703305385.0637608,38881198080,2.3544631004333496
1703305443.5935369,38919995392,2.3627185821533203
1703305548.0710516,38989201408,2.34594464302063
1703306329.6526263,39505100800,2.3672397136688232
1703306448.5329628,39583744000,2.3652820587158203
1703306747.9731889,39780876288,2.3403215408325195
1703307470.048221,40251686912,2.3430440425872803
1703307471.647602,40252735488,2.3614354133605957
1703307506.311914,40274755584,2.356931209564209
1703307631.0721438,40357593088,2.375993251800537
1703308136.4507518,40691040256,2.3531720638275146
1703308190.2346668,40726691840,2.352733850479126
1703308255.0947728,40769683456,2.352731943130493
1703308283.5291638,40788557824,2.3543195724487305
1703308495.3535962,40921726976,2.357602119445801
1703309387.759695,41512075264,2.352994441986084
1703309585.5709717,41642098688,2.370152711868286
1703310225.926323,42059431936,2.354046583175659
1703310427.1383874,42191552512,2.344348192214966
1703310447.6528375,42205184000,2.358058452606201
1703310578.487822,42292215808,2.3534135818481445
1703310711.7020028,42380296192,2.3593382835388184
1703310909.5878193,42510319616,2.3546764850616455
1703311031.4275558,42591059968,2.3516178131103516
1703311546.7210224,42931847168,2.344636917114258
1703311762.816548,43069210624,2.3488988876342773
1703312240.3579862,43384832000,2.3409616947174072
1703312398.3224354,43488641024,2.3265767097473145
1703312498.1896634,43554701312,2.340794086456299
1703312506.0907214,43559944192,2.3573410511016846
1703313183.8399837,44007686144,2.3463220596313477
1703313264.8162708,44053823488,2.3493595123291016
1703313453.1555603,44178604032,2.3429102897644043
1703313976.0938258,44524634112,2.3430442810058594
1703314092.8083148,44602228736,2.349670648574829
1703314599.397587,44937773056,2.352659225463867
1703314752.2587574,45038436352,2.356170415878296
1703315058.8887224,45234520064,2.3434484004974365
1703315206.9856071,45332037632,2.3462305068969727
1703315309.1655705,45400195072,2.324174642562866
1703315807.0847027,45730496512,2.35151743888855
1703316068.9297798,45904560128,2.340195655822754
1703316833.8726633,46405779456,2.3282387256622314
1703316877.8624887,46435139584,2.338749885559082
1703316981.7803283,46504345600,2.339442491531372
1703317162.822465,46623883264,2.344276189804077
1703317255.8274531,46685749248,2.3551688194274902
1703317554.7993526,46883930112,2.324368476867676
1703317575.4680085,46897561600,2.3458573818206787
1703317584.9123836,46903853056,2.3278145790100098
1703317633.7412777,46936358912,2.349458932876587
1703317972.317797,47161802752,2.34922194480896
1703320387.8314958,48751443968,2.335298776626587
1703321017.639147,49168777216,2.355515241622925
1703321301.2445438,49350180864,2.334954023361206
1703321307.5228653,49354375168,2.3264083862304688
1703321332.6781416,49371152384,2.3495795726776123
1703321379.929971,49401561088,2.3313241004943848
1703321484.0057337,49470767104,2.3435771465301514
1703321683.2683268,49602887680,2.339961528778076
1703322190.7011664,49939480576,2.3303871154785156
1703322780.9376764,50331648000,2.3379132747650146
1703323091.184693,50530877440,2.3402957916259766
1703323182.4036472,50591694848,2.3220090866088867
1703323401.7620404,50736398336,2.3087010383605957
1703323599.0932603,50867470336,2.3355705738067627
1703323797.2986236,50998542336,2.3356895446777344
1703323926.5530167,51084525568,2.3363876342773438
1703324641.757827,51554287616,2.3372750282287598
1703324877.9039853,51710525440,2.3426976203918457
1703325143.426306,51887734784,2.3382468223571777
1703325567.856553,52169801728,2.3402740955352783
1703325984.8699174,52440334336,2.3324875831604004
1703326381.719217,52703526912,2.3305599689483643
1703326978.3466702,53099888640,2.3291525840759277
1703327069.922139,53160706048,2.3285300731658936
1703328818.4897232,54314139648,2.314821243286133
1703329029.4977927,54453600256,2.3421027660369873
1703329038.927671,54459891712,2.331209421157837
1703329093.7901735,54496591872,2.3174266815185547
1703329169.523369,54540632064,2.322214365005493
1703329511.5252857,54767124480,2.3301913738250732
1703329565.071179,54802776064,2.3150441646575928
1703329705.1302185,54896099328,2.3355355262756348
1703329723.9990993,54908682240,2.3229169845581055
1703329779.128813,54945382400,2.316967487335205
1703330200.6261039,55225352192,2.320158004760742
1703330676.2181134,55540973568,2.3118505477905273
1703330866.3250635,55661559808,2.33017635345459
1703331138.1823208,55841914880,2.3163886070251465
1703331720.1903417,56228839424,2.3357672691345215
1703332401.2029967,56667144192,2.325425148010254
1703333081.5290802,57104400384,2.319843053817749
1703333301.421668,57244909568,2.3401029109954834
1703333584.6817923,57427361792,2.305884599685669
1703334108.6467566,57755566080,2.3132641315460205
1703334220.9926426,57827917824,2.3326456546783447
1703334581.582659,58057555968,2.3011789321899414
1703334796.672129,58195968000,2.320143461227417
1703334942.5356934,58287194112,2.321537733078003
1703335012.5221102,58332282880,2.3161909580230713
1703335158.2412493,58425606144,2.3205137252807617
1703335589.9288185,58702430208,2.3175582885742188
1703336107.367929,59026440192,2.3336453437805176
1703336418.1019273,59225669632,2.3329615592956543
1703337157.5096483,59698577408,2.3077166080474854
1703337201.4468718,59726888960,2.3312106132507324
1703337386.1532044,59839086592,2.352993965148926
1703337949.8510463,60201893888,2.321720838546753
1703338013.3706899,60242788352,2.3065927028656006
1703338747.5371265,60711501824,2.3332321643829346
1703338823.2510638,60759736320,2.3342723846435547
1703339205.5040936,60996714496,2.3248722553253174
1703339576.3950095,61234741248,2.3302509784698486
1703339589.4835954,61243129856,2.3185184001922607
1703339934.5389585,61463330816,2.3068809509277344
1703339999.9051743,61505273856,2.327359914779663
1703340180.3936937,61621665792,2.316490650177002
1703340345.305823,61725474816,2.3205316066741943
1703340669.0464451,61926801408,2.3146424293518066
1703341374.0083313,62375591936,2.323331594467163
1703341485.5303173,62446895104,2.3138487339019775
1703342236.074402,62916657152,2.3292760848999023
1703342694.079779,63209209856,2.3089654445648193
1703342941.5430112,63367544832,2.299293041229248
1703343810.6363287,63920144384,2.323643684387207
1703344542.3598106,64381517824,2.315220594406128
1703345107.581533,64742227968,2.3200793266296387
1703345376.1125607,64912097280,2.299999475479126
1703345517.288176,65002274816,2.316895008087158
1703345630.1898668,65067286528,2.3198227882385254
1703346111.2285082,65373470720,2.3317127227783203
1703346179.9187713,65417510912,2.3117458820343018
1703346895.9877028,65872592896,2.3198819160461426
1703347136.4497561,66027782144,2.3303520679473877
1703348134.5267034,66656927744,2.3126063346862793
1703348223.4114048,66713550848,2.3193488121032715
1703348329.4277189,66781708288,2.313204765319824
1703348685.7809405,67010297856,2.304594039916992
1703349000.2957954,67205332992,2.310960054397583
1703349665.5354805,67633152000,2.3178651332855225
1703350311.3447542,68047339520,2.311232089996338
1703350366.3308794,68082991104,2.309173583984375
1703351024.7545052,68499275776,2.3119444847106934
1703351175.766783,68595744768,2.3128156661987305
1703351220.9902139,68625104896,2.322780132293701
1703351608.748527,68875714560,2.300337076187134
1703351672.0118523,68915560448,2.3062119483947754
1703351865.313189,69040340992,2.321626663208008
1703351892.9445024,69058166784,2.2993931770324707
1703352015.4337592,69136809984,2.310236930847168
1703352053.0508633,69160927232,2.3016409873962402
1703352103.4967039,69193433088,2.3134450912475586
1703352480.0121248,69427265536,2.32038950920105
1703352512.9605305,69448237056,2.3095901012420654
1703352535.5520937,69462917120,2.324692964553833
1703352613.578145,69513248768,2.32421875
1703352967.6216917,69740789760,2.3259739875793457
1703353202.7846477,69890736128,2.311816930770874
1703353222.3772466,69903319040,2.306861639022827
1703353248.715962,69920096256,2.3088533878326416
1703353349.547019,69985107968,2.316185474395752
1703354240.8157835,70550290432,2.315152406692505
1703354617.4745553,70791462912,2.30108904838562
1703354636.9541855,70804045824,2.306110382080078
1703355146.349261,71130152960,2.300919532775879
1703355250.2605302,71197261824,2.3050568103790283
1703355406.1474624,71297925120,2.3143556118011475
1703355734.9621866,71501348864,2.3080222606658936
1703356143.8830633,71763492864,2.2895798683166504
1703356173.5398486,71782367232,2.3131041526794434
1703356387.4737241,71919730688,2.3012070655822754
1703356439.8350005,71953285120,2.305065870285034
1703356779.2128274,72170340352,2.3063554763793945
1703357183.020694,72421998592,2.32928204536438
1703357456.8636796,72598159360,2.302565574645996
1703357827.3716655,72835137536,2.290999412536621
1703357939.7120235,72907489280,2.315197467803955
1703358121.563184,73023881216,2.2995874881744385
1703358178.4418056,73060581376,2.306429386138916
1703358417.5864205,73214722048,2.310955762863159
1703359035.9746785,73605840896,2.3129258155822754
1703359305.0408125,73778855936,2.3036932945251465
1703359678.4661078,74017931264,2.3016834259033203
1703359686.828634,74023174144,2.307800531387329
1703360146.5343301,74318872576,2.2951409816741943
1703360269.9136949,74398564352,2.3122963905334473
1703360281.2290385,74405904384,2.313295364379883
1703360493.2230935,74534879232,2.293628454208374
1703360622.0997698,74616668160,2.283792018890381
1703360699.057163,74665951232,2.294858932495117
1703360780.4378812,74718380032,2.299199104309082
1703361495.5088046,75177656320,2.3068225383758545
1703362477.9419925,75801559040,2.2982594966888428
1703362905.0247536,76075237376,2.2981293201446533
1703363855.092893,76677120000,2.3152661323547363
1703363987.347228,76761006080,2.2936110496520996
1703364049.203979,76800851968,2.293741226196289
1703364394.062127,77022101504,2.301436424255371
1703364578.4481237,77139542016,2.3020777702331543
1703364776.7776206,77266419712,2.3176307678222656
1703365025.106017,77425803264,2.2988522052764893
1703365151.6461291,77506543616,2.290397882461548
1703365163.0548787,77513883648,2.2977590560913086
1703365197.6921327,77535903744,2.3027584552764893
1703365360.7307107,77633421312,2.3025612831115723
1703365617.3723717,77796999168,2.293240785598755
1703366537.826132,78388396032,2.290750026702881
1703366955.1312225,78649491456,2.2805733680725098
1703367126.3157713,78759591936,2.3125431537628174
1703367185.7119517,78797340672,2.2780990600585938
1703367248.3047478,78837186560,2.3191897869110107
1703367282.1191196,78859206656,2.308713674545288
1703367550.9953828,79031173120,2.3049068450927734
1703367670.2114263,79107719168,2.301581621170044
1703367759.5278413,79165390848,2.2981956005096436
1703367871.212672,79236694016,2.28609037399292
1703368951.8193378,79922462720,2.2861907482147217
1703369461.9261549,80249618432,2.2987728118896484
1703369888.3526726,80524345344,2.2895255088806152
1703370258.8062365,80753983488,2.2942285537719727
1703371151.406516,81326505984,2.2998528480529785
1703371233.981936,81379983360,2.295851469039917
1703371555.606649,81586552832,2.294682741165161
1703371790.8033462,81737547776,2.2736446857452393
1703372029.612997,81883299840,2.2908565998077393
1703372119.021408,81940971520,2.2937233448028564
1703372258.455269,82030100480,2.2946059703826904
1703372460.3751674,82159075328,2.3005659580230713
1703372576.3091316,82233524224,2.312300682067871
1703372595.9938905,82246107136,2.2904887199401855
1703372848.5908096,82408636416,2.2958884239196777
1703373628.5711775,82901467136,2.2981338500976562
1703373821.3275392,83025199104,2.303997278213501
1703373907.4349952,83079725056,2.2868754863739014
1703374437.4989204,83419463680,2.299740791320801
1703374948.6466641,83745570816,2.310045003890991
1703375956.1817539,84383105024,2.295344829559326
1703375988.5426652,84404076544,2.3050222396850586
1703377843.9216187,85580578816,2.298558235168457
1703378016.7625759,85691727872,2.2823903560638428
1703379275.3231478,86489694208,2.311492919921875
1703379400.190443,86568337408,2.272495746612549
1703379710.9189353,86768615424,2.2830748558044434
1703380383.9262602,87190142976,2.301419496536255
1703380426.2700043,87217405952,2.2931063175201416
1703380668.1215892,87372595200,2.3014211654663086
1703381442.2591465,87866474496,2.2822654247283936
1703381619.3724902,87980769280,2.2989895343780518
1703381758.0454838,88069898240,2.2813034057617188
1703381851.5974858,88122327040,2.2799501419067383
1703382247.6442552,88376082432,2.280426502227783
1703383137.3436217,88943362048,2.292471170425415
1703383197.2886763,88981110784,2.278351068496704
1703383649.149595,89263177728,2.3034257888793945
1703384131.594922,89570410496,2.280944347381592
1703384435.7780952,89764397056,2.2883331775665283
1703384727.658214,89952092160,2.2966651916503906
1703385458.9295924,90411368448,2.293689250946045
1703385755.7416081,90600112128,2.289435386657715
1703385786.841025,90620035072,2.2976996898651123
1703386173.7666347,90868547584,2.2849202156066895
1703386272.043741,90929364992,2.2844135761260986
1703386518.6662967,91087699968,2.2830638885498047
1703386562.4274607,91116011520,2.2941527366638184
1703386637.0657427,91163197440,2.2790229320526123
1703387274.2208314,91563753472,2.276057481765747
1703387878.8691785,91948580864,2.2854676246643066
1703388051.192374,92059729920,2.2927770614624023
1703388241.0423455,92180316160,2.264552354812622
1703388560.0867918,92377448448,2.27828311920166
1703388769.8465185,92510617600,2.2812509536743164
1703389316.5747907,92859793408,2.2989766597747803
1703389767.2408206,93148151808,2.276217222213745
1703390786.8709598,93791977472,2.2777955532073975
1703391290.8519616,94113890304,2.2754745483398438
1703391779.4963205,94419025920,2.2856850624084473
1703391937.7999582,94520737792,2.27412486076355
1703391989.121426,94553243648,2.2567765712738037
1703392016.84031,94571069440,2.2677395343780518
1703392653.9641757,94977916928,2.2745344638824463
1703392665.3157153,94985256960,2.2820122241973877
1703393031.0306606,95218040832,2.30529522895813
1703393057.6535132,95234818048,2.2914814949035645
1703393187.7760255,95316606976,2.2698922157287598
1703393339.7688167,95414124544,2.282212018966675
1703394070.357028,95861866496,2.2827723026275635
1703394618.965307,96194265088,2.2755725383758545
1703394815.2066307,96312754176,2.2808291912078857
1703395064.3692284,96462700544,2.284510612487793
1703395407.9921882,96666124288,2.2818691730499268
1703395521.3837261,96735330304,2.299506187438965
1703395522.9916687,96736378880,2.27557110786438
1703395531.5061944,96741621760,2.263962745666504
1703395544.0527914,96748961792,2.283177375793457
1703396342.1610985,97257521152,2.288438320159912
1703396463.4835942,97333018624,2.274137496948242
1703397352.3085637,97890861056,2.2821195125579834
1703397946.271528,98268348416,2.293678045272827
1703398018.291518,98314485760,2.2582592964172363
1703398031.401322,98322874368,2.2798051834106445
1703398436.3786159,98572435456,2.287269115447998
1703398449.4407399,98580824064,2.264549970626831
1703398699.8001153,98740207616,2.2771077156066895
1703399202.9180157,99061071872,2.2795979976654053
1703399873.4288323,99482599424,2.2697484493255615
1703400230.2860916,99703848960,2.2589941024780273
1703400484.6952798,99864281088,2.2870049476623535
1703401232.6858637,100337188864,2.278887987136841
1703401384.7407942,100431560704,2.2861931324005127
1703402003.8301208,100819533824,2.2740983963012695
1703403220.759248,101590237184,2.26495099067688
1703403449.0590203,101727600640,2.2916131019592285
1703404951.4818869,102657687552,2.273665428161621
1703406221.120221,103437828096,2.2777886390686035
1703406917.794541,103863549952,2.270801067352295
1703406946.6609733,103881375744,2.2584242820739746
1703407002.4518158,103917027328,2.265834331512451
1703407038.8033013,103940096000,2.2564728260040283
1703407401.507636,104167636992,2.284280300140381
1703407533.1721618,104250474496,2.2647860050201416
1703408929.9521894,105110306816,2.2650208473205566
1703409126.8441226,105235087360,2.274301052093506
1703409245.3580077,105310584832,2.277420997619629
1703409627.9145656,105548611584,2.285135507583618
1703409856.1299074,105693315072,2.2521958351135254
1703410092.6463757,105838018560,2.285895347595215
1703410380.819673,106012082176,2.2801382541656494
1703410511.0840166,106090725376,2.280910015106201
1703410745.1226168,106237526016,2.275235414505005
1703411057.8551517,106432561152,2.250936269760132
1703411296.648735,106580410368,2.273522138595581
1703412177.5644858,107124621312,2.270418405532837
1703412185.8956401,107129864192,2.250732183456421
1703412323.1379433,107214798848,2.260531187057495
1703412764.955519,107489525760,2.2805368900299072
1703413266.5271518,107800952832,2.2733752727508545
1703413513.7962842,107955093504,2.2608413696289062
1703414004.2836683,108251840512,2.2547736167907715
1703414291.181949,108429049856,2.2843310832977295
1703414463.5055902,108537053184,2.27169132232666
1703414818.7024858,108759351296,2.24749755859375
1703415146.6600296,108965920768,2.272103786468506
1703415870.096615,109409468416,2.2720251083374023
1703415882.62175,109416808448,2.2583260536193848
1703415996.4454868,109486014464,2.266078233718872
1703416079.962956,109537394688,2.2640299797058105
1703416783.5017252,109971505152,2.2639315128326416
1703416937.2552392,110066925568,2.27738094329834
1703417132.2836647,110182268928,2.2695963382720947
1703417244.3673334,110252523520,2.2756829261779785
1703417503.1364174,110414004224,2.263237237930298
1703417889.1581259,110650982400,2.2685132026672363
1703418009.5453293,110726479872,2.267713785171509
1703418040.170437,110744305664,2.2654671669006348
1703418221.5609264,110858600448,2.2558975219726562
1703418345.7784097,110938292224,2.2632603645324707
1703419051.4664097,111370305536,2.2474193572998047
1703419271.6560295,111507668992,2.2630929946899414
1703419307.645444,111530737664,2.2439842224121094
1703419502.9138994,111654469632,2.2654788494110107
1703420211.5330238,112094871552,2.269106149673462
1703420321.6798198,112164077568,2.282518148422241
1703420499.1426885,112267886592,2.2283594608306885
1703420516.9026515,112279420928,2.2543675899505615
1703420582.9234896,112320315392,2.2482922077178955
1703420877.3320656,112504864768,2.247246026992798
1703421443.2033637,112854040576,2.253905773162842
1703421718.394625,113018667008,2.259993314743042
1703421818.621914,113079484416,2.2753944396972656
1703421869.7555313,113108844544,2.264179229736328
1703422011.7973585,113196924928,2.262571334838867
1703424127.8852818,114442633216,2.262392044067383
1703424237.3171704,114509742080,2.276979923248291
1703424755.0666544,114819072000,2.249019145965576
1703425488.7821496,115254231040,2.2666990756988525
1703425700.6505249,115371671552,2.2354588508605957
1703425738.2983246,115394740224,2.2508487701416016
1703426367.2017026,115768033280,2.250452756881714
1703426536.773827,115868696576,2.258378267288208
1703427279.944747,116362575872,2.2662124633789062
1703427357.228535,116406616064,2.248567819595337
1703427753.9783623,116670857216,2.2344789505004883
1703427831.1733706,116721188864,2.245785713195801
1703427878.384857,116752646144,2.2594640254974365
1703428296.9748342,117030518784,2.2543022632598877
1703428857.5837617,117402763264,2.263761520385742
1703429374.3079445,117735161856,2.256469488143921
1703429449.9183025,117785493504,2.2424352169036865
1703429599.2848117,117885108224,2.253253698348999
1703429638.4594212,117911322624,2.2660980224609375
1703429772.4843235,117999403008,2.277684211730957
1703429795.9500918,118015131648,2.2464914321899414
1703429962.5239766,118126280704,2.2630321979522705
1703429964.0815225,118127329280,2.2528955936431885
1703430430.0261998,118436659200,2.2614479064941406
1703431240.38752,118967238656,2.2613937854766846
1703432352.3354053,119699144704,2.2345309257507324
1703432432.3741186,119752622080,2.2516839504241943
1703432683.6114964,119919345664,2.252272367477417
1703432699.2710798,119929831424,2.2572925090789795
1703433021.224139,120144789504,2.267167568206787
1703433322.412712,120345067520,2.2506844997406006
1703433406.8764198,120401690624,2.2476344108581543
1703433431.9956295,120418467840,2.242811679840088
1703434258.5104704,120962678784,2.262345314025879
1703434264.8159747,120966873088,2.25083589553833
1703434366.6552775,121035030528,2.2542312145233154
1703434693.0353155,121252085760,2.24082612991333
1703434736.9947548,121281445888,2.264238119125366
1703435526.76392,121801539584,2.247527599334717
1703435528.330455,121802588160,2.2423582077026367
1703435677.202791,121902202880,2.2463717460632324
1703435916.7357938,122061586432,2.2364983558654785
1703436211.5975013,122258718720,2.2406625747680664
1703436217.8610864,122262913024,2.250498056411743
1703437106.0955606,122849067008,2.242851495742798
1703437259.9884121,122951827456,2.243328332901001
1703438063.3634713,123485552640,2.2345311641693115
1703439073.316347,124151398400,2.256971836090088
1703439351.4278076,124335947776,2.253105401992798
1703439472.633032,124416688128,2.243840217590332
1703440070.6729956,124807806976,2.26596999168396
1703440352.2304893,124994453504,2.261838436126709
1703440440.4519548,125053173760,2.241375207901001
1703440833.2980652,125314269184,2.2512786388397217
1703441410.1984632,125698048000,2.2136104106903076
1703442058.760088,126121672704,2.239661455154419
1703442165.3902345,126191927296,2.226301670074463
1703442428.121848,126367039488,2.2423174381256104
1703443149.1984074,126846238720,2.2337377071380615
1703443188.465046,126872453120,2.2468698024749756
1703443409.400271,127014010880,2.245760917663574
1703444106.9042513,127477481472,2.237555503845215
1703444251.698246,127573950464,2.2387337684631348
1703444749.8862727,127905300480,2.234985113143921
1703445523.1513143,128412811264,2.2494397163391113
1703445724.081072,128547028992,2.250208616256714
1703445810.7212203,128604700672,2.2477729320526123
1703446219.0427139,128876281856,2.2548389434814453
1703446821.5195427,129271595008,2.2443549633026123
1703447093.2217078,129451950080,2.237323045730591
1703447912.7887173,129997209600,2.2624917030334473
1703448193.3868384,130178613248,2.2577340602874756
1703448245.2408729,130213216256,2.249178171157837
1703448908.1820168,130653618176,2.2543444633483887
1703449344.9004452,130944073728,2.247981548309326
1703449679.322289,131161128960,2.231151580810547
1703449721.5563428,131188391936,2.2348363399505615
1703450279.437324,131559587840,2.242690324783325
1703450797.5876997,131904569344,2.239997386932373
1703451176.2505498,132149936128,2.2406575679779053
1703451351.8654664,132267376640,2.2526988983154297
1703452261.7501054,132872404992,2.2404119968414307
1703452486.5863357,133022351360,2.2290923595428467
1703452703.5964153,133166006272,2.241504430770874
1703453406.1194053,133628428288,2.2070796489715576
1703453681.0309923,133810880512,2.2169759273529053
1703455013.1871667,134690635776,2.2351489067077637
1703455058.6881864,134721044480,2.2450921535491943
1703455349.5891778,134915031040,2.2364256381988525
1703455426.5296526,134965362688,2.233438014984131
1703455554.0786548,135050297344,2.229372501373291
1703455756.3515077,135185563648,2.2169301509857178
1703456337.1435626,135566196736,2.221885919570923
1703456369.9216027,135587168256,2.237497329711914
1703456376.2788248,135591362560,2.2291738986968994
1703456409.1855576,135613382656,2.2157156467437744
1703456709.4617646,135813660672,2.243481159210205
1703456919.9730427,135953121280,2.2366223335266113
1703457287.4815738,136198488064,2.2358126640319824
1703457949.6732771,136632598528,2.2252652645111084
1703458434.3466375,136954511360,2.2501635551452637
1703458490.7633963,136992260096,2.2335269451141357
1703458530.128951,137018474496,2.2222156524658203
1703459062.1319034,137366601728,2.2263243198394775
1703459340.668751,137551151104,2.2391254901885986
1703459389.2321718,137583656960,2.2499983310699463
1703459936.2981255,137947512832,2.2183687686920166
1703460516.4225252,138333388800,2.2063446044921875
1703460652.927762,138417274880,2.2330806255340576
1703460814.633447,138525278208,2.231480836868286
1703460899.743415,138581901312,2.240739345550537
1703461676.171417,139097800704,2.2585930824279785
1703462178.4985793,139431247872,2.216841697692871
1703462514.5685165,139649351680,2.243173837661743
1703463222.4187286,140119113728,2.2313272953033447
1703463596.5631638,140367626240,2.2279958724975586
1703465075.3905246,141344899072,2.2389397621154785
1703465317.6821885,141506379776,2.233016014099121
1703465414.4105678,141564051456,2.2202446460723877
1703465466.3097117,141598654464,2.220306396484375
1703465567.1737664,141665763328,2.2321391105651855
1703465652.2138183,141722386432,2.242739677429199
1703465672.553093,141736017920,2.236834764480591
1703466011.6472378,141960413184,2.22563099861145
1703466327.092326,142170128384,2.229673385620117
1703467852.5347505,143175712768,2.243875026702881
1703468201.7159164,143408496640,2.243008613586426
1703468543.3634913,143634989056,2.2139956951141357
1703468686.5463524,143724118016,2.222554922103882
1703469290.4464548,144124674048,2.238154888153076
1703469454.5819159,144233725952,2.2324438095092773
1703470019.5718174,144609116160,2.2294154167175293
1703470120.2080653,144676225024,2.2085418701171875
1703470291.712688,144783179776,2.2174761295318604
1703470376.8896594,144839802880,2.2347183227539062
1703470408.242382,144860774400,2.2177438735961914
1703470502.5495994,144923688960,2.2241625785827637
1703470856.5163116,145158569984,2.2419533729553223
1703471537.150721,145610506240,2.2230567932128906
1703471878.4984074,145830707200,2.2343950271606445
1703471892.7608876,145840144384,2.2166452407836914
1703473074.3294268,146623430656,2.209394931793213
1703473541.5752,146926469120,2.2174794673919678
1703473595.1213953,146962120704,2.2241227626800537
1703473729.4199476,147051249664,2.203510284423828
1703473894.2693813,147160301568,2.224517822265625
1703473910.037872,147170787328,2.224550724029541
1703473957.3381271,147202244608,2.183450222015381
1703474105.6404493,147299762176,2.2365994453430176
1703474372.6024837,147476971520,2.214042901992798
1703474713.9571369,147702415360,2.222036123275757
1703475432.1933784,148170080256,2.229465961456299
1703475446.3631833,148179517440,2.2194128036499023
1703475623.4718084,148296957952,2.2132458686828613
1703475708.7329187,148353581056,2.2127199172973633
1703475969.644885,148525547520,2.2004992961883545
1703476005.9781141,148549664768,2.22794508934021
1703476118.418552,148624113664,2.21081280708313
1703477269.788661,149378039808,2.2056467533111572
1703477343.831489,149426274304,2.205334424972534
1703477538.4056203,149555249152,2.2394676208496094
1703478286.8547277,150043885568,2.2197694778442383
1703478308.8355472,150057517056,2.204324722290039
1703478664.0847616,150293446656,2.206210136413574
1703478888.4336383,150441295872,2.21254301071167
1703479551.4391053,150879600640,2.2287416458129883
1703480116.497782,151246602240,2.2189862728118896
1703480628.2174702,151585292288,2.1977314949035645
1703480937.6220775,151788716032,2.220806360244751
1703480939.221255,151789764608,2.214812994003296
1703480990.3176906,151823319040,2.210353136062622
1703482567.3357823,152856166400,2.2186920642852783
1703482737.8810306,152967315456,2.2451796531677246
1703482940.7994502,153093144576,2.2167623043060303
1703483219.104737,153275596800,2.2106940746307373
1703483374.137113,153378357248,2.2219834327697754
1703483708.6605916,153598558208,2.2057013511657715
1703484269.842818,153967656960,2.213311195373535
1703484337.9164171,154012745728,2.1958324909210205
1703487367.1505036,155993505792,2.2113609313964844
1703487426.1065779,156031254528,2.2285399436950684
1703487931.5420835,156357361664,2.211418628692627
1703487988.548501,156395110400,2.2231101989746094
1703489223.1432936,157207756800,2.200333833694458
1703489224.7463906,157208805376,2.22456693649292
1703489533.5095294,157404889088,2.199967861175537
1703490813.5258317,158244798464,2.2245569229125977
1703490878.6051185,158287790080,2.2195329666137695
1703490929.6403408,158321344512,2.2176883220672607
1703491081.6770265,158413619200,2.19938588142395
1703491086.4362905,158416764928,2.2475523948669434
1703491397.9391007,158621237248,2.2207915782928467
1703491750.3326695,158849826816,2.222104549407959
1703491755.085168,158852972544,2.1914942264556885
1703491865.6274378,158924275712,2.2062437534332275
1703492283.0379775,159195856896,2.2058517932891846
1703492416.167677,159283937280,2.190321445465088
1703492639.0668445,159422349312,2.200814723968506
1703492754.8416464,159497846784,2.2001848220825195
1703492865.4545135,159569149952,2.20161771774292
1703492890.8059042,159585927168,2.2047102451324463
1703493030.6089532,159678201856,2.212310552597046
1703493078.1968925,159709659136,2.1957921981811523
1703493806.2810795,160185712640,2.1963627338409424
1703493901.6282816,160249675776,2.2198774814605713
1703494078.3335526,160368164864,2.19885516166687
1703494291.319156,160502382592,2.2127506732940674
1703494457.3562214,160613531648,2.2129907608032227
1703494596.3961318,160706854912,2.2100110054016113
1703494768.8563423,160821149696,2.216172695159912
1703495113.0458329,161051836416,2.2106518745422363
1703495598.3088446,161375846400,2.2172484397888184
1703496097.1265025,161700904960,2.227956533432007
1703496592.8409848,162032254976,2.208022356033325
1703496888.3776119,162230435840,2.209108352661133
1703497037.2147586,162329001984,2.2050395011901855
1703497109.1830807,162377236480,2.19368839263916
1703497176.246415,162422325248,2.2009921073913574
1703497260.964105,162478948352,2.205183982849121
1703498776.3706594,163484532736,2.2040820121765137
1703498895.973353,163564224512,2.211235284805298
1703499461.5535135,163932274688,2.1995761394500732
1703499464.6875505,163934371840,2.1963748931884766
1703499732.463319,164112629760,2.1986374855041504
1703499927.3338735,164241604608,2.2021677494049072
1703500110.763328,164363239424,2.194793701171875
1703500560.4029937,164653694976,2.2164642810821533
1703500961.6222265,164918984704,2.1992552280426025
1703501374.2631507,165192663040,2.219755172729492
1703501718.06429,165421252608,2.2045905590057373
1703502868.7345057,166177275904,2.1997673511505127
1703503103.669552,166333513728,2.202103614807129
1703503466.3938086,166573637632,2.2010886669158936
1703504084.1628854,166976290816,2.1994943618774414
1703504193.3316534,167047593984,2.202744483947754
1703504661.2885144,167356923904,2.2086775302886963
1703505018.8219998,167593902080,2.20485782623291
1703505087.0183775,167638990848,2.187619686126709
1703505239.2381368,167738605568,2.2066080570220947
1703505418.1492665,167851851776,2.203640937805176
1703505582.2450898,167960903680,2.2101590633392334
1703506086.6237056,168294350848,2.19215989112854
1703506443.4378946,168530280448,2.2123615741729736
1703507046.64555,168923496448,2.1989428997039795
1703507581.3939126,169276866560,2.204378128051758
1703507610.0116224,169295740928,2.1933112144470215
1703508020.5877361,169566273536,2.2207136154174805
1703508309.9489634,169758162944,2.1995465755462646
1703508352.614389,169786474496,2.215425729751587
1703509820.2719727,170753261568,2.204874277114868
1703509937.2205822,170829807616,2.204132556915283
1703510008.065946,170876993536,2.2094099521636963
1703510030.0391731,170891673600,2.1903185844421387
1703510063.2684188,170913693696,2.211535930633545
1703510199.9495463,170998628352,2.171830415725708
1703510413.973589,171140186112,2.1957993507385254
1703510967.6214051,171507187712,2.1970670223236084
1703511307.3796108,171732631552,2.189650058746338
1703511614.6862087,171936055296,2.2047815322875977
1703512101.0254886,172252725248,2.2021965980529785
1703512293.9508743,172381700096,2.202277660369873
1703512400.942637,172451954688,2.2032573223114014
1703512475.2770376,172501237760,2.197695016860962
1703512864.7649758,172760236032,2.185119152069092
1703513228.9574103,173003505664,2.2124288082122803
1703513536.9137561,173201686528,2.187758445739746
1703513658.1642373,173282426880,2.2054100036621094
1703514154.4592257,173612728320,2.2122509479522705
1703514242.4115298,173670400000,2.203606367111206
1703514589.7541995,173902135296,2.209282875061035
1703515261.7539701,174342537216,2.1796674728393555
1703516098.4704034,174900379648,2.2072174549102783
1703516338.5486736,175059763200,2.189626455307007
1703516360.489382,175074443264,2.1950454711914062
1703516666.7301836,175271575552,2.192857027053833
1703516727.755516,175312470016,2.2009384632110596
1703516745.0954347,175324004352,2.1760315895080566
1703516831.8705826,175381676032,2.1842041015625
1703516841.2926896,175387967488,2.2043282985687256
1703517028.892825,175513796608,2.182699680328369
1703517683.5255258,175948955648,2.189516544342041
1703517937.9142647,176118824960,2.1814303398132324
1703518567.7274935,176530915328,2.1942811012268066
1703518883.3151357,176741679104,2.198394775390625
1703518931.8477027,176774184960,2.2000677585601807
1703518999.6662538,176818225152,2.1809048652648926
1703519195.3656094,176949297152,2.196756601333618
1703519632.683971,177234509824,2.1936593055725098
1703519908.761589,177419059200,2.1928720474243164
1703519924.434355,177428496384,2.1976780891418457
1703520676.5643384,177929715712,2.20098614692688
1703520988.8787146,178137333760,2.1895413398742676
1703521048.542476,178177179648,2.184917449951172
1703521117.2999609,178223316992,2.1791014671325684
1703521214.164616,178280988672,2.180166244506836
1703521567.0221522,178515869696,2.1718220710754395
1703521603.0455964,178539986944,2.1920461654663086
1703521770.840047,178652184576,2.1984665393829346
1703521962.5299532,178779062272,2.198209047317505
1703522273.1834629,178986680320,2.1934621334075928
1703522284.081383,178992971776,2.1782398223876953
1703522357.6186717,179042254848,2.1874513626098633
1703522717.023968,179282378752,2.1889843940734863
1703522834.6402025,179353681920,2.1999757289886475
1703522898.8575788,179396673536,2.1969199180603027
1703522925.4449098,179414499328,2.189265727996826
1703522976.999869,179449102336,2.2055513858795166
1703523303.589491,179666157568,2.172905921936035
1703523809.3402658,180002750464,2.211575984954834
1703524098.6268497,180195688448,2.195328712463379
1703524512.1000655,180465172480,2.1905460357666016
1703525024.8753557,180805959680,2.1972129344940186
1703525120.5173233,180869922816,2.1923165321350098
1703525225.5601509,180939128832,2.188839912414551
1703526150.5715392,181549400064,2.191300392150879
1703526299.9843636,181649014784,2.1840503215789795
1703526365.9753625,181693054976,2.1866965293884277
1703527025.175221,182132408320,2.17933988571167
1703527183.8923721,182237265920,2.18790864944458
1703527188.5824604,182240411648,2.1921567916870117
1703527312.3509963,182323249152,2.191072940826416
1703527505.5277007,182452224000,2.1789801120758057
1703527913.1629496,182717513728,2.1833436489105225
1703528008.5780919,182780428288,2.1790783405303955
1703528184.4935672,182897868800,2.1788489818573
1703528645.0856967,183204052992,2.18514347076416
1703528791.66849,183301570560,2.182708263397217
1703528987.2005496,183430545408,2.1893625259399414
1703529146.9053504,183529111552,2.197038412094116
1703530308.8253634,184299814912,2.185379981994629
1703530575.3644824,184475975680,2.174849271774292
1703530613.4411356,184501141504,2.1817121505737305
1703530882.3976169,184672059392,2.1978020668029785
1703531321.655895,184963563520,2.183772087097168
1703531651.1586905,185181667328,2.2073066234588623
1703532428.980687,185689178112,2.185819149017334
1703533522.2248354,186414792704,2.187617301940918
1703533731.522024,186553204736,2.1975879669189453
1703533818.4486141,186610876416,2.1832823753356934
1703533831.0300577,186619265024,2.184248924255371
1703533940.292946,186685325312,2.1960556507110596
1703534134.1880674,186814300160,2.1817383766174316
1703534277.405645,186908672000,2.204815149307251
1703534571.7587073,187104755712,2.189269542694092
1703534639.3107066,187149844480,2.18696928024292
1703534800.1664934,187255750656,2.184390068054199
1703534815.92108,187266236416,2.1951723098754883
1703534992.1456833,187383676928,2.186136245727539
1703535505.1295178,187718172672,2.182471513748169
1703535632.8620443,187802058752,2.1945955753326416
1703535874.2134326,187962490880,2.205798625946045
1703536270.8607888,188225683456,2.2155961990356445
1703536527.5375264,188396601344,2.1775460243225098
1703536763.672778,188552839168,2.182826042175293
1703537002.9788024,188712222720,2.1868398189544678
1703537115.2948122,188779331584,2.1763322353363037
1703537825.1449757,189251190784,2.1821985244750977
1703537921.3424273,189315153920,2.170346975326538
1703538337.9501805,189591977984,2.2007322311401367
1703538377.2688527,189618192384,2.188675880432129
1703538578.920012,189751361536,2.175319194793701
1703539120.653165,190104731648,2.1964616775512695
1703539405.7777321,190294523904,2.1666133403778076
1703539771.3105826,190536744960,2.1739397048950195
1703539826.6036546,190573445120,2.196584939956665
1703539839.2090628,190581833728,2.19673228263855
1703540062.264325,190729682944,2.179978847503662
1703540348.1085572,190914232320,2.191945791244507
1703541257.4925056,191518212096,2.190103530883789
1703541576.1221354,191728975872,2.1764914989471436
1703542433.1244984,192292061184,2.1955947875976562
1703542688.768839,192461930496,2.1872735023498535
1703542786.0642173,192525893632,2.1835153102874756
1703542972.4704306,192649625600,2.1780483722686768
1703543405.607305,192936935424,2.1783642768859863
1703543888.8325355,193251508224,2.203333616256714
1703544426.6534276,193609072640,2.184311866760254
1703545203.401984,194117632000,2.1713595390319824
1703545796.73819,194511896576,2.193415880203247
1703545922.610581,194595782656,2.1969246864318848
1703546262.9155319,194821226496,2.212733745574951
1703546277.2318509,194830663680,2.1687467098236084
1703546344.881323,194875752448,2.182805061340332
1703546703.6026351,195105390592,2.1663739681243896
1703546818.4573855,195181936640,2.210219144821167
1703547426.1817622,195585638400,2.2195494174957275
1703547654.44936,195736633344,2.2015304565429688
1703547753.7906563,195802693632,2.1798465251922607
1703547892.0193264,195894968320,2.1795802116394043
1703548193.382876,196087906304,2.181335926055908
1703548205.9186502,196096294912,2.1883981227874756
1703548269.1854966,196138237952,2.1800153255462646
1703548401.3667526,196226318336,2.1928749084472656
1703548866.954432,196535648256,2.18853497505188
1703548988.376345,196615340032,2.1712076663970947
1703549273.5334742,196805132288,2.19323992729187
1703549549.0966246,196987584512,2.185185194015503
1703550559.202215,197648187392,2.1730282306671143
1703550646.3272202,197705859072,2.173783779144287
1703551177.2382238,198057132032,2.1736526489257812
1703551299.112957,198137872384,2.1854841709136963
1703552274.7014627,198774358016,2.1764297485351562
1703552361.7670672,198830981120,2.1890146732330322
1703553114.3281605,199319617536,2.1743321418762207
1703553409.4136658,199513604096,2.2060344219207764
1703553669.5439773,199685570560,2.179802656173706
1703553780.3542705,199757922304,2.174616813659668
1703554144.841005,199999094784,2.17273211479187
