C_target,C_matched,N,L,D_row,D_c6n,run
2.00700546e+17,1.98578886e+17,13192320,2.673530578613281,2359296000,2508768813.976617,run-gpt_10M_1024l_1e18flops_all0.06ep-tag-lm-loss-validation_valid_lm loss validation vs gigaflos (without embeddings).csv
6.42244069e+17,6.45381381e+17,13192320,2.6300265789031982,8021606400,8153498664.374424,run-gpt_10M_1024l_1e18flops_all0.06ep-tag-lm-loss-validation_valid_lm loss validation vs gigaflos (without embeddings).csv
7.43416963e+17,7.44670825e+17,13192320,2.627596616744995,9279897600,9407883083.996346,run-gpt_10M_1024l_1e18flops_all0.06ep-tag-lm-loss-validation_valid_lm loss validation vs gigaflos (without embeddings).csv
8.09266371e+17,8.06726727e+17,13192320,2.6135497093200684,10066329600,10191873339.94324,run-gpt_10M_1024l_1e18flops_all0.06ep-tag-lm-loss-validation_valid_lm loss validation vs gigaflos (without embeddings).csv
8.13265774e+17,8.19137907e+17,13192320,2.615372657775879,10223616000,10348671386.079174,run-gpt_10M_1024l_1e18flops_all0.06ep-tag-lm-loss-validation_valid_lm loss validation vs gigaflos (without embeddings).csv
8.9360499e+17,8.9360499e+17,13192320,2.626351833343506,11167334400,11289459700.795614,run-gpt_10M_1024l_1e18flops_all0.06ep-tag-lm-loss-validation_valid_lm loss validation vs gigaflos (without embeddings).csv
1.747769496e+18,1.762075844e+18,47775744,2.5954179763793945,5976883200,6147037863.676876,run-gpt_47M_1024l_3e18flops_all0.05ep-tag-lm-loss-validation_valid_lm loss validation vs gigaflos (without embeddings).csv
1.92672061e+18,1.942801572e+18,47775744,2.5949716567993164,6606028800,6777503287.023642,run-gpt_47M_1024l_3e18flops_all0.05ep-tag-lm-loss-validation_valid_lm loss validation vs gigaflos (without embeddings).csv
2.107355741e+18,2.1235273e+18,47775744,2.5811800956726074,7235174400,7407968710.370406,run-gpt_47M_1024l_3e18flops_all0.05ep-tag-lm-loss-validation_valid_lm loss validation vs gigaflos (without embeddings).csv
2.32813475e+18,2.354153716e+18,65728000,2.581254005432129,5819596800,5969433919.587796,run-gpt_49M_1024l_6e18flops_all0.08ep-tag-lm-loss-validation_valid_lm loss validation vs gigaflos (without embeddings).csv
2.478056543e+18,2.478056543e+18,65728000,2.5717458724975586,6134169600,6283614651.797306,run-gpt_49M_1024l_6e18flops_all0.08ep-tag-lm-loss-validation_valid_lm loss validation vs gigaflos (without embeddings).csv
2.620523051e+18,2.64924084e+18,127699968,2.5816874504089355,3303014400,3457637044.9834414,run-gpt_130M_1024l_6e18flops_all0.04ep-tag-lm-loss-validation_valid_lm loss validation vs gigaflos (without embeddings).csv
2.729004825e+18,2.725862197e+18,65728000,2.576545000076294,6763315200,6911976116.216326,run-gpt_49M_1024l_6e18flops_all0.08ep-tag-lm-loss-validation_valid_lm loss validation vs gigaflos (without embeddings).csv
2.808630348e+18,2.787813611e+18,65728000,2.574713468551636,6920601600,7069066483.588932,run-gpt_49M_1024l_6e18flops_all0.08ep-tag-lm-loss-validation_valid_lm loss validation vs gigaflos (without embeddings).csv
2.879393856e+18,2.891611642e+18,47775744,2.5762956142425537,9909043200,10087446752.617117,run-gpt_47M_1024l_1e19flops_all0.17ep-tag-lm-loss-validation_valid_lm loss validation vs gigaflos (without embeddings).csv
2.962951469e+18,2.981974506e+18,47775744,2.568400859832764,10223616000,10402679464.290499,run-gpt_47M_1024l_1e19flops_all0.17ep-tag-lm-loss-validation_valid_lm loss validation vs gigaflos (without embeddings).csv
3.835054748e+18,3.853441221e+18,127699968,2.5556116104125977,4875878400,5029290246.180798,run-gpt_130M_1024l_1e19flops_all0.07ep-tag-lm-loss-validation_valid_lm loss validation vs gigaflos (without embeddings).csv
4.656227464e+18,4.653687487e+18,47775744,2.537992000579834,16043212800,16234484619.782515,run-gpt_47M_1024l_1e19flops_all0.17ep-tag-lm-loss-validation_valid_lm loss validation vs gigaflos (without embeddings).csv
4.806366115e+18,4.832210259e+18,65728000,2.540446758270264,12111052800,12253048571.385103,run-gpt_49M_1024l_6e18flops_all0.08ep-tag-lm-loss-validation_valid_lm loss validation vs gigaflos (without embeddings).csv
4.937221565e+18,4.956113086e+18,65728000,2.544609308242798,12425625600,12567229303.594612,run-gpt_49M_1024l_6e18flops_all0.08ep-tag-lm-loss-validation_valid_lm loss validation vs gigaflos (without embeddings).csv
5.451724395e+18,5.459074587e+18,84934656,2.538363456726074,10538188800,10712302932.032833,run-gpt_85M_1024l_1e19flops_all0.1ep-tag-lm-loss-validation_valid_lm loss validation vs gigaflos (without embeddings).csv
5.711870564e+18,5.699530049e+18,65728000,2.5285873413085938,14313062400,14452313699.387373,run-gpt_49M_1024l_1e19flops_all0.13ep-tag-lm-loss-validation_valid_lm loss validation vs gigaflos (without embeddings).csv
5.870488337e+18,5.86047713e+18,84934656,2.5294651985168457,11324620800,11499972264.953112,run-gpt_85M_1024l_1e19flops_all0.1ep-tag-lm-loss-validation_valid_lm loss validation vs gigaflos (without embeddings).csv
7.702596754e+18,7.719315277e+18,154448288,2.518904447555542,8178892800,8329989039.222413,run-gpt_154M_1024l_1e19flops_all0.05ep-tag-lm-loss-validation_valid_lm loss validation vs gigaflos (without embeddings).csv
8.083402636e+18,8.128372146e+18,106168320,2.5197513103485107,12582912000,12760197119.065273,run-tensorboard_gpt_106M_1024l_1e19flops_all0.08ep-tag-lm-loss-validation_valid_lm loss validation vs gigaflos (without embeddings).csv
8.670216657e+18,8.673197901e+18,65728000,2.5070056915283203,21862809600,21992651282.558422,run-gpt_49M_1024l_1e19flops_all0.13ep-tag-lm-loss-validation_valid_lm loss validation vs gigaflos (without embeddings).csv
8.738847483e+18,8.790662787e+18,127699968,2.5081627368927,11324620800,11473068376.180017,run-gpt_130M_1024l_1e19flops_all0.07ep-tag-lm-loss-validation_valid_lm loss validation vs gigaflos (without embeddings).csv
9.031502864e+18,8.991416967e+18,84934656,2.5047264099121094,17458790400,17643793064.870953,run-gpt_85M_1024l_1e19flops_all0.1ep-tag-lm-loss-validation_valid_lm loss validation vs gigaflos (without embeddings).csv
9.13187488e+18,9.151977985e+18,84934656,2.506560802459717,17773363200,17958860799.6089,run-gpt_85M_1024l_1e19flops_all0.1ep-tag-lm-loss-validation_valid_lm loss validation vs gigaflos (without embeddings).csv
9.478566278e+18,9.467084773e+18,154448288,2.501234531402588,10066329600,10216024292.652998,run-gpt_154M_1024l_3e19flops_all0.16ep-tag-lm-loss-validation_valid_lm loss validation vs gigaflos (without embeddings).csv
9.553380528e+18,9.540517691e+18,65728000,2.5047402381896973,24064819200,24191916410.560696,run-gpt_49M_1024l_1e19flops_all0.13ep-tag-lm-loss-validation_valid_lm loss validation vs gigaflos (without embeddings).csv
9.623644998e+18,9.633661037e+18,84934656,2.502936840057373,18717081600,18904063999.898148,run-gpt_85M_1024l_1e19flops_all0.1ep-tag-lm-loss-validation_valid_lm loss validation vs gigaflos (without embeddings).csv
9.805377802e+18,9.794222054e+18,84934656,2.508777141571045,19031654400,19219131732.673805,run-gpt_85M_1024l_1e19flops_all0.1ep-tag-lm-loss-validation_valid_lm loss validation vs gigaflos (without embeddings).csv
9.806404266e+18,9.794222054e+18,84934656,2.508777141571045,19031654400,19219131732.673805,run-gpt_85M_1024l_1e19flops_all0.1ep-tag-lm-loss-validation_valid_lm loss validation vs gigaflos (without embeddings).csv
9.84206607e+18,9.904027147e+18,154448288,2.506662368774414,10538188800,10687533106.010645,run-gpt_154M_1024l_3e19flops_all0.16ep-tag-lm-loss-validation_valid_lm loss validation vs gigaflos (without embeddings).csv
1.1728565494e+19,1.1720848444e+19,170233344,2.4937756061553955,11324620800,11475276786.354303,run-gpt_170M_1024l_3e19flops_all0.15ep-tag-lm-loss-validation_valid_lm loss validation vs gigaflos (without embeddings).csv
1.5613264964e+19,1.5511394247e+19,231211008,2.476567268371582,11010048000,11181268560.102467,run-tensorboard_gpt_230M_1024l_3e19flops_all0.1ep-tag-lm-loss-validation_valid_lm loss validation vs gigaflos (without embeddings).csv
1.9142986797e+19,1.910658856e+19,170233344,2.460805892944336,18559795200,18706273118.071785,run-gpt_170M_1024l_3e19flops_all0.15ep-tag-lm-loss-validation_valid_lm loss validation vs gigaflos (without embeddings).csv
1.9896349132e+19,1.9880801077e+19,231211008,2.460922956466675,14155776000,14330921675.522762,run-tensorboard_gpt_230M_1024l_3e19flops_all0.1ep-tag-lm-loss-validation_valid_lm loss validation vs gigaflos (without embeddings).csv
2.480667717e+19,2.4760067869e+19,154448288,2.437727689743042,26581401600,26718832766.64528,run-gpt_154M_1024l_3e19flops_all0.16ep-tag-lm-loss-validation_valid_lm loss validation vs gigaflos (without embeddings).csv
2.5478658085e+19,2.5561029957e+19,231211008,2.4358716011047363,18245222400,18425470726.289986,run-tensorboard_gpt_230M_1024l_3e19flops_all0.1ep-tag-lm-loss-validation_valid_lm loss validation vs gigaflos (without embeddings).csv
2.629577827e+19,2.6216440981e+19,231211008,2.431833028793335,18717081600,18897918693.24261,run-tensorboard_gpt_230M_1024l_3e19flops_all0.1ep-tag-lm-loss-validation_valid_lm loss validation vs gigaflos (without embeddings).csv
2.6741498418e+19,2.6653381664e+19,231211008,2.435364246368408,19031654400,19212884004.78464,run-tensorboard_gpt_230M_1024l_3e19flops_all0.1ep-tag-lm-loss-validation_valid_lm loss validation vs gigaflos (without embeddings).csv
2.7387010682e+19,2.7381722114e+19,154448288,2.4392614364624023,29412556800,29547885647.870266,run-gpt_154M_1024l_3e19flops_all0.16ep-tag-lm-loss-validation_valid_lm loss validation vs gigaflos (without embeddings).csv
2.8182674055e+19,2.8182674055e+19,231211008,2.4375898838043213,20132659200,20315262595.542164,run-tensorboard_gpt_230M_1024l_3e19flops_all0.1ep-tag-lm-loss-validation_valid_lm loss validation vs gigaflos (without embeddings).csv
2.8579603056e+19,2.8546901779e+19,154448288,2.43908429145813,30670848000,30805242484.569767,run-gpt_154M_1024l_3e19flops_all0.16ep-tag-lm-loss-validation_valid_lm loss validation vs gigaflos (without embeddings).csv
2.8692549237e+19,2.8619614738e+19,231211008,2.4397358894348145,20447232000,20630227907.084194,run-tensorboard_gpt_230M_1024l_3e19flops_all0.1ep-tag-lm-loss-validation_valid_lm loss validation vs gigaflos (without embeddings).csv
2.9021229203e+19,2.9056555421e+19,231211008,2.423900604248047,20761804800,20945193218.62622,run-tensorboard_gpt_230M_1024l_3e19flops_all0.1ep-tag-lm-loss-validation_valid_lm loss validation vs gigaflos (without embeddings).csv
2.9201929563e+19,2.9221841327e+19,170233344,2.441170215606689,28468838400,28609594180.522785,run-gpt_170M_1024l_3e19flops_all0.15ep-tag-lm-loss-validation_valid_lm loss validation vs gigaflos (without embeddings).csv
2.9302385654e+19,2.9383980211e+19,302426080,2.432298421859741,16043212800,16193477874.549267,run-gpt_300M_1024l_3e19flops_all0.08ep-tag-lm-loss-validation_valid_lm loss validation vs gigaflos (without embeddings).csv
2.9426921452e+19,2.9383980211e+19,302426080,2.432298421859741,16043212800,16193477874.549267,run-gpt_300M_1024l_3e19flops_all0.08ep-tag-lm-loss-validation_valid_lm loss validation vs gigaflos (without embeddings).csv
2.9574796478e+19,2.9566433985e+19,154448288,2.4317421913146973,31771852800,31905429715.73761,run-gpt_154M_1024l_3e19flops_all0.16ep-tag-lm-loss-validation_valid_lm loss validation vs gigaflos (without embeddings).csv
2.9774563634e+19,2.9711966446e+19,231211008,2.433959007263184,21233664000,21417641186.29969,run-tensorboard_gpt_230M_1024l_3e19flops_all0.1ep-tag-lm-loss-validation_valid_lm loss validation vs gigaflos (without embeddings).csv
2.9823845983e+19,2.9857728901e+19,154448288,2.426196813583374,32086425600,32219768924.642704,run-gpt_154M_1024l_3e19flops_all0.16ep-tag-lm-loss-validation_valid_lm loss validation vs gigaflos (without embeddings).csv
3.7209791799e+19,3.7249819713e+19,170233344,2.4156625270843506,36333158400,36469372801.01835,run-gpt_170M_bsz0.5M_lr5.0_1024_noreg_all0.25ep_bf16-tag-lm-loss-validation_valid_lm loss validation vs gigaflos (without embeddings).csv
4.9612906429e+19,4.9612906429e+19,170233344,2.4062254428863525,48444211200,48573431878.10883,run-gpt_170M_bsz0.5M_lr5.0_1024_noreg_all0.25ep_bf16-tag-lm-loss-validation_valid_lm loss validation vs gigaflos (without embeddings).csv
5.0335878918e+19,5.0363100755e+19,472435184,2.4086694717407227,17616076800,17767199417.207954,run-gpt_470M_1024l_1e20flops_all0.18ep-tag-lm-loss-validation_valid_lm loss validation vs gigaflos (without embeddings).csv
5.9349454213e+19,5.9276923897e+19,472435184,2.3871841430664062,20761804800,20911836482.03193,run-gpt_470M_1024l_1e20flops_all0.18ep-tag-lm-loss-validation_valid_lm loss validation vs gigaflos (without embeddings).csv
6.3873374955e+19,6.4173672612e+19,680205312,2.402285575866699,15571353600,15724093760.09107,run-gpt_500M_1024l_1e20flops_all0.12ep-tag-lm-loss-validation_valid_lm loss validation vs gigaflos (without embeddings).csv
7.5063636709e+19,7.5153797481e+19,231211008,2.383130550384521,53949235200,54174033588.833275,run-tensorboard_gpt_230M_1024l_1e20flops_all0.36ep-tag-lm-loss-validation_valid_lm loss validation vs gigaflos (without embeddings).csv
7.5503363943e+19,7.5396029029e+19,550502400,2.3705921173095703,22649241600,22826430617.13567,run-gpt_550M_1024l_1e20flops_all0.15ep-tag-lm-loss-validation_valid_lm loss validation vs gigaflos (without embeddings).csv
7.5865080666e+19,7.5767496711e+19,472435184,2.3688719272613525,26581401600,26729415052.414894,run-gpt_470M_1024l_1e20flops_all0.18ep-tag-lm-loss-validation_valid_lm loss validation vs gigaflos (without embeddings).csv
7.9841718693e+19,8.0075782555e+19,550502400,2.37491226196289,24064819200,24243243552.011154,run-gpt_550M_1024l_1e20flops_all0.15ep-tag-lm-loss-validation_valid_lm loss validation vs gigaflos (without embeddings).csv
9.1903546034e+19,9.1812378367e+19,472435184,2.360200881958008,32243712000,32389761769.23916,run-gpt_470M_1024l_1e20flops_all0.18ep-tag-lm-loss-validation_valid_lm loss validation vs gigaflos (without embeddings).csv
9.289690537e+19,9.3051825288e+19,680205312,2.362596035003662,22649241600,22799935952.279068,run-gpt_500M_1024l_1e20flops_all0.12ep-tag-lm-loss-validation_valid_lm loss validation vs gigaflos (without embeddings).csv
9.433529874e+19,9.4379187534e+19,231211008,2.362377405166626,67790438400,68032507297.40341,run-tensorboard_gpt_230M_1024l_1e20flops_all0.36ep-tag-lm-loss-validation_valid_lm loss validation vs gigaflos (without embeddings).csv
9.5674960974e+19,9.5618772192e+19,680205312,2.361199855804444,23278387200,23428899702.565098,run-gpt_500M_1024l_1e20flops_all0.12ep-tag-lm-loss-validation_valid_lm loss validation vs gigaflos (without embeddings).csv
9.6269289939e+19,9.6345420608e+19,231211008,2.356395483016968,69206016000,69449851199.70297,run-tensorboard_gpt_230M_1024l_1e20flops_all0.36ep-tag-lm-loss-validation_valid_lm loss validation vs gigaflos (without embeddings).csv
9.6937931767e+19,9.7160672253e+19,472435184,2.3583168983459477,34131148800,34276544008.415768,run-gpt_470M_1024l_1e20flops_all0.18ep-tag-lm-loss-validation_valid_lm loss validation vs gigaflos (without embeddings).csv
9.8311653682e+19,9.8274824044e+19,550502400,2.3567466735839844,29569843200,29753071631.779747,run-gpt_550M_1024l_1e20flops_all0.15ep-tag-lm-loss-validation_valid_lm loss validation vs gigaflos (without embeddings).csv
9.9226111466e+19,9.9314769272e+19,550502400,2.3566231727600098,29884416000,30067918950.64097,run-gpt_550M_1024l_1e20flops_all0.15ep-tag-lm-loss-validation_valid_lm loss validation vs gigaflos (without embeddings).csv
9.934677068e+19,9.9314769272e+19,550502400,2.3566231727600098,29884416000,30067918950.64097,run-gpt_550M_1024l_1e20flops_all0.15ep-tag-lm-loss-validation_valid_lm loss validation vs gigaflos (without embeddings).csv
1.00670848968e+20,1.00026466393e+20,472435184,2.354346990585327,35232153600,35287544824.7027,run-gpt_470M_1024l_1e20flops_all0.18ep-tag-lm-loss-validation_valid_lm loss validation vs gigaflos (without embeddings).csv
1.00992879872e+20,1.00026466393e+20,472435184,2.354346990585327,35232153600,35287544824.7027,run-gpt_470M_1024l_1e20flops_all0.18ep-tag-lm-loss-validation_valid_lm loss validation vs gigaflos (without embeddings).csv
1.13796936086e+20,1.00026466393e+20,472435184,2.354346990585327,35232153600,35287544824.7027,run-gpt_470M_1024l_1e20flops_all0.18ep-tag-lm-loss-validation_valid_lm loss validation vs gigaflos (without embeddings).csv
1.30673069371e+20,1.30658863465e+20,302426080,2.3518929481506348,71879884800,72005950161.9922,run-gpt_300M_bsz0.5M_lr4.0_1024_noreg_all0.5ep_bf16-tag-lm-loss-validation_valid_lm loss validation vs gigaflos (without embeddings).csv
1.37718567551e+20,1.37718567551e+20,472435184,2.339893102645874,48444211200,48584642654.035126,run-gpt_470M_bsz0.5M_lr4.0_1024_noreg_all0.25ep_bf16-tag-lm-loss-validation_valid_lm loss validation vs gigaflos (without embeddings).csv
1.51488408039e+20,1.41680761938e+20,472435184,2.340637683868408,49859788800,49982433829.483795,run-gpt_470M_bsz0.5M_lr4.0_1024_noreg_all0.25ep_bf16-tag-lm-loss-validation_valid_lm loss validation vs gigaflos (without embeddings).csv
1.51728791508e+20,1.51769684199e+20,302426080,2.3361215591430664,83519078400,83640099314.5168,run-gpt_300M_bsz0.5M_lr4.0_1024_noreg_all0.5ep_bf16-tag-lm-loss-validation_valid_lm loss validation vs gigaflos (without embeddings).csv
1.7887141352e+20,1.78870579213e+20,550502400,2.3328235149383545,53949235200,54153738843.22152,run-gpt_550M_1024l_3e20flops_all0.45ep-tag-lm-loss-validation_valid_lm loss validation vs gigaflos (without embeddings).csv
1.98296648372e+20,1.98109565931e+20,550502400,2.3151721954345703,59768832000,59978414242.154076,run-gpt_550M_1024l_3e20flops_all0.45ep-tag-lm-loss-validation_valid_lm loss validation vs gigaflos (without embeddings).csv
2.01949289028e+20,2.02147068728e+20,680205312,2.309295177459717,49387929600,49530895344.33588,run-gpt_500M_bsz0.5M_lr3.5_1024_noreg_all0.25ep_bf16-tag-lm-loss-validation_valid_lm loss validation vs gigaflos (without embeddings).csv
2.01983936208e+20,2.02147068728e+20,680205312,2.309295177459717,49387929600,49530895344.33588,run-gpt_500M_bsz0.5M_lr3.5_1024_noreg_all0.25ep_bf16-tag-lm-loss-validation_valid_lm loss validation vs gigaflos (without embeddings).csv
2.51398923538e+20,2.5156079664e+20,680205312,2.291773796081543,61498982400,61638447539.79222,run-gpt_500M_1024l_3e20flops_all0.37ep-tag-lm-loss-validation_valid_lm loss validation vs gigaflos (without embeddings).csv
2.62834348187e+20,2.62957782704e+20,472435184,2.2934529781341557,92641689600,92766793417.59892,run-gpt_470M_bsz0.5M_lr4.0_1024_noreg_all0.5ep_bf16-tag-lm-loss-validation_valid_lm loss validation vs gigaflos (without embeddings).csv
2.69590886405e+20,2.69529424971e+20,680205312,2.291690826416016,65903001600,66041193792.52951,run-gpt_500M_1024l_3e20flops_all0.37ep-tag-lm-loss-validation_valid_lm loss validation vs gigaflos (without embeddings).csv
2.72827331394e+20,2.72985622345e+20,550502400,2.30098032951355,82418073600,82647421199.55638,run-gpt_550M_1024l_3e20flops_all0.45ep-tag-lm-loss-validation_valid_lm loss validation vs gigaflos (without embeddings).csv
2.74270980283e+20,2.74100061633e+20,472435184,2.2897210121154785,96573849600,96697589749.15807,run-gpt_470M_bsz0.5M_lr4.0_1024_noreg_all0.5ep_bf16-tag-lm-loss-validation_valid_lm loss validation vs gigaflos (without embeddings).csv
2.79448355518e+20,2.79448355518e+20,472435184,2.29567813873291,98461286400,98584371987.98189,run-gpt_470M_bsz0.5M_lr4.0_1024_noreg_all0.5ep_bf16-tag-lm-loss-validation_valid_lm loss validation vs gigaflos (without embeddings).csv
2.80586611409e+20,2.8078542899e+20,472435184,2.2916817665100098,98933145600,99056067547.95242,run-gpt_470M_bsz0.5M_lr4.0_1024_noreg_all0.5ep_bf16-tag-lm-loss-validation_valid_lm loss validation vs gigaflos (without embeddings).csv
2.92918170086e+20,2.83361523878e+20,472435184,2.300533533096313,99876864000,99964867659.67314,run-gpt_470M_bsz0.5M_lr4.0_1024_noreg_all0.5ep_bf16-tag-lm-loss-validation_valid_lm loss validation vs gigaflos (without embeddings).csv
2.9455715729e+20,2.94304499519e+20,550502400,2.286327123641968,88866816000,89101791236.21138,run-gpt_550M_1024l_3e20flops_all0.45ep-tag-lm-loss-validation_valid_lm loss validation vs gigaflos (without embeddings).csv
2.95864417361e+20,2.95840630742e+20,680205312,2.2936720848083496,72351744000,72488072234.18646,run-gpt_500M_1024l_3e20flops_all0.37ep-tag-lm-loss-validation_valid_lm loss validation vs gigaflos (without embeddings).csv
2.96756350506e+20,2.96756350506e+20,393216000,2.29236102104187,125514547200,125781737648.01025,run-gpt_393M_1024l_3e20flops_all0.64ep-tag-lm-loss-validation_valid_lm loss validation vs gigaflos (without embeddings).csv
3.42178794401e+20,2.99883572117e+20,680205312,2.293102979660034,73452748800,73478690141.18098,run-gpt_500M_1024l_3e20flops_all0.37ep-tag-lm-loss-validation_valid_lm loss validation vs gigaflos (without embeddings).csv
4.02368927279e+20,4.02368927279e+20,680205312,2.270293712615967,98461286400,98590067876.20226,run-gpt_500M_bsz0.5M_lr3.5_1024_noreg_all0.5ep_bf16-tag-lm-loss-validation_valid_lm loss validation vs gigaflos (without embeddings).csv
6.06441206186e+20,6.06797062072e+20,1208881136,2.241444826126098,83361792000,83658219709.92082,run-gpt_1b_1024_lr3.0_noreg_all0.5ep_bf16-tag-lm-loss-validation_valid_lm loss validation vs gigaflos (without embeddings).csv
7.04888316468e+20,7.04443359886e+20,1528823808,2.230986356735229,76441190400,76795786429.60712,run-gpt_1.5b_1024l_1e21flops_all0.5ep-tag-lm-loss-validation_valid_lm loss validation vs gigaflos (without embeddings).csv
8.02336990015e+20,8.02603500198e+20,1528823808,2.2250452041625977,87136665600,87496838637.01315,run-gpt_1.5b_1024l_1e21flops_all0.5ep-tag-lm-loss-validation_valid_lm loss validation vs gigaflos (without embeddings).csv
8.07304801463e+20,8.08377278205e+20,1784851968,2.222858667373657,75182899200,75484997514.09076,run-gpt_1.7b_1024_noreg_all0.5ep_bf16-tag-lm-loss-validation_valid_lm loss validation vs gigaflos (without embeddings).csv
8.89403565523e+20,8.89215388709e+20,1528823808,2.20890474319458,96573849600,96938943525.94576,run-gpt_1.5b_1024l_1e21flops_all0.5ep-tag-lm-loss-validation_valid_lm loss validation vs gigaflos (without embeddings).csv
8.96345628619e+20,8.95951483344e+20,1784851968,2.2080655097961426,83361792000,83662538911.46227,run-gpt_1.7b_1024_noreg_all0.5ep_bf16-tag-lm-loss-validation_valid_lm loss validation vs gigaflos (without embeddings).csv
9.28036261409e+20,9.26747207063e+20,1528823808,2.210686206817627,100663296000,101030522311.0663,run-gpt_1.5b_1024l_1e21flops_all0.5ep-tag-lm-loss-validation_valid_lm loss validation vs gigaflos (without embeddings).csv
9.44379081548e+20,9.44421725689e+20,2359296000,2.201751708984375,66374860800,66716351381.16059,run-gpt_2.4b_1024l_1e21flops_all0.35ep-tag-lm-loss-validation_valid_lm loss validation vs gigaflos (without embeddings).csv
9.52106561485e+20,9.53331364611e+20,2359296000,2.1965622901916504,67004006400,67345750922.52095,run-gpt_2.4b_1024l_1e21flops_all0.35ep-tag-lm-loss-validation_valid_lm loss validation vs gigaflos (without embeddings).csv
9.62241003533e+20,9.62241003533e+20,2359296000,2.1960983276367188,67633152000,67975150463.88132,run-gpt_2.4b_1024l_1e21flops_all0.35ep-tag-lm-loss-validation_valid_lm loss validation vs gigaflos (without embeddings).csv
9.75827277219e+20,9.75827277219e+20,1528823808,2.2065534591674805,106011033600,106381048414.76932,run-gpt_1.5b_1024l_1e21flops_all0.5ep-tag-lm-loss-validation_valid_lm loss validation vs gigaflos (without embeddings).csv
9.91737232998e+20,9.89548954353e+20,2834283904,2.2008657455444336,57881395200,58189239790.95497,run-gpt_3b_1024l_1e21flops_all0.3ep-tag-lm-loss-validation_valid_lm loss validation vs gigaflos (without embeddings).csv
1.040785745689e+21,1.040223534984e+21,1208881136,2.199739456176758,143130624000,143414090931.76553,run-gpt_1b_1024_lr3.0_noreg_all0.75ep_bf16-tag-lm-loss-validation_valid_lm loss validation vs gigaflos (without embeddings).csv
1.067597838537e+21,1.067597838537e+21,1208881136,2.210434436798096,146905497600,147188145956.3945,run-gpt_1b_1024_lr3.0_noreg_all0.75ep_bf16-tag-lm-loss-validation_valid_lm loss validation vs gigaflos (without embeddings).csv
1.373493666885e+21,1.373277561538e+21,1208881136,2.184016227722168,189058252800,189331760397.05087,run-gpt_1b_1024_lr3.0_noreg_all1ep_bf16-tag-lm-loss-validation_valid_lm loss validation vs gigaflos (without embeddings).csv
1.430307360605e+21,1.428159842227e+21,2834283904,2.189404249191284,83676364800,83981227157.67526,run-gpt_3b_1024_noreg_all0.5ep_bf16-tag-lm-loss-validation_valid_lm loss validation vs gigaflos (without embeddings).csv
1.65281419943e+21,1.65281419943e+21,2834283904,2.168019771575928,96888422400,97191757272.2924,run-gpt_3b_1024_noreg_all0.5ep_bf16-tag-lm-loss-validation_valid_lm loss validation vs gigaflos (without embeddings).csv
2.503291408843e+21,2.503291408843e+21,2834283904,2.138232707977295,146905497600,147203049849.15396,run-gpt_3b_1024_noreg_all0.75ep_bf16-tag-lm-loss-validation_valid_lm loss validation vs gigaflos (without embeddings).csv
3.353768618256e+21,3.353768618256e+21,2834283904,2.1147921085357666,196922572800,197214342426.0155,run-gpt_3b_1024_noreg_all1ep_bf16-tag-lm-loss-validation_valid_lm loss validation vs gigaflos (without embeddings).csv
