obj,dir,run,N_dir,N_file,budget_label,C_final,L_last,L_last5,L_last5_sd,span_last5,n,bad_axis,dir_vs_file,budget,C_over_budget,used
CLM,13M_flops,run-gpt_10M_1024l_1e18flops_all0.06ep-tag-lm-loss-validation_valid_lm loss validation vs gigaflos (without embeddings).csv,13192320,10000000.0,1e+18,9.94218292e+17,2.62051773071289,2.620940351486206,0.002324973841045142,0.03878162402588344,81,False,0.27704974909458335,1e+18,0.994218292,True
CLM,25M_flops,run-tensorboard_gpt_25.1M_1024l_1e18flops_all0.03ep-tag-lm-loss-validation_valid_lm loss validation vs gigaflos (without embeddings).csv,25165824,25100000.0,1e+18,1.001744824e+18,2.6409289836883545,2.637323236465454,0.006821858004227132,0.07334072634050366,43,False,0.00261903744483947,1e+18,1.001744824,True
CLM,47M_flops,run-gpt_47M_1024l_1e18flops_bsz250k_all0.02ep-tag-lm-loss-validation_valid_lm loss validation vs gigaflos (without embeddings).csv,47775744,47000000.0,1e+18,1.002500671e+18,2.633620500564575,2.625059795379639,0.01330785612598585,0.07609103834704566,45,False,0.0163704612934504,1e+18,1.002500671,True
CLM,65M_flops,run-gpt_49M_1024l_1e18flops_bsz250k_all0.01ep-tag-lm-loss-validation_valid_lm loss validation vs gigaflos (without embeddings).csv,65728000,49000000.0,1e+18,1.000412077e+18,2.648809671401977,2.6428245067596436,0.006097867820177767,0.10207451843866536,33,False,0.2937047161954664,1e+18,1.000412077,True
CLM,85M_flops,run-gpt_85M_1024l_1e18flops_bsz250k_all0.01ep-tag-lm-loss-validation_valid_lm loss validation vs gigaflos (without embeddings).csv,84934656,85000000.0,1e+18,1.000295137e+18,2.672311305999756,2.6708908081054688,0.005851442195292981,0.15730337095500646,25,False,0.0007690485832456438,1e+18,1.000295137,True
CLM,106M_flops,run-tensorboard_gpt_106M_1024l_1e18flops_all0.01ep-tag-lm-loss-validation_valid_lm loss validation vs gigaflos (without embeddings).csv,106168320,106000000.0,1e+18,1.001495728e+18,2.8796300888061523,2.8798794746398926,0.002005755744580221,0.39879759527042136,10,False,0.0015866651092134958,1e+18,1.001495728,True
CLM,6M_flops,run-tensorboard_gpt_6M_1024l_3e18flops_all0.39ep-tag-lm-loss-validation_valid_lm loss validation vs gigaflos (without embeddings).csv,6291456,6000000.0,3e+18,3.013307733e+18,2.613112688064575,2.6123021602630616,0.0028717479185202646,0.006819051295349396,506,False,0.04743305323463204,3e+18,1.004435911,True
CLM,13M_flops,run-gpt_10M_1024l_3e18flops_all0.19ep-tag-lm-loss-validation_valid_lm loss validation vs gigaflos (without embeddings).csv,13192320,10000000.0,3e+18,2.990598033e+18,2.582329750061035,2.5899164199829103,0.007456374011009528,0.01643426313321594,241,False,0.27704974909458335,3e+18,0.996866011,True
CLM,25M_flops,run-tensorboard_gpt_25.1M_1024l_3e18flops_all0.1ep-tag-lm-loss-validation_valid_lm loss validation vs gigaflos (without embeddings).csv,25165824,25100000.0,3e+18,3.011422979e+18,2.596891403198242,2.5914164066314695,0.0044826556017714,0.027821688146851323,127,False,0.00261903744483947,3e+18,1.0038076596666667,True
CLM,34M_flops,run-gpt_25M_1024l_3e18flops_all0.07ep-tag-lm-loss-validation_valid_lm loss validation vs gigaflos (without embeddings).csv,33690624,25000000.0,3e+18,2.985827449e+18,2.582382917404175,2.580368995666504,0.003178119936654722,0.03287515929055953,95,False,0.29834375419529685,3e+18,0.9952758163333333,True
CLM,47M_flops,run-gpt_47M_1024l_3e18flops_all0.05ep-tag-lm-loss-validation_valid_lm loss validation vs gigaflos (without embeddings).csv,47775744,47000000.0,3e+18,3.01616179e+18,2.5821847915649414,2.577093553543091,0.006950606369283105,0.0562740303132081,67,False,0.0163704612934504,3e+18,1.0053872633333334,True
CLM,65M_flops,run-gpt_49M_1024l_3e18flops_all0.04ep-tag-lm-loss-validation_valid_lm loss validation vs gigaflos (without embeddings).csv,65728000,49000000.0,3e+18,2.997209389e+18,2.5826361179351807,2.584229326248169,0.008923842662426169,0.06986358002497235,49,False,0.2937047161954664,3e+18,0.9990697963333334,True
CLM,85M_flops,run-gpt_85M_1024l_3e18flops_all0.03ep-tag-lm-loss-validation_valid_lm loss validation vs gigaflos (without embeddings).csv,84934656,85000000.0,3e+18,2.996068582e+18,2.584091186523437,2.588291120529175,0.002763132866573901,0.08896034309804728,38,False,0.0007690485832456438,3e+18,0.9986895273333334,True
CLM,106M_flops,run-tensorboard_gpt_106M_1024l_3e18flops_all0.02ep-tag-lm-loss-validation_valid_lm loss validation vs gigaflos (without embeddings).csv,106168320,106000000.0,3e+18,3.004821686e+18,2.6152045726776123,2.6139956951141357,0.002430624214093242,0.13169319824990108,30,False,0.0015866651092134958,3e+18,1.0016072286666666,True
CLM,127M_flops,run-gpt_130M_1024l_3e18flops_all0.02ep-tag-lm-loss-validation_valid_lm loss validation vs gigaflos (without embeddings).csv,127699968,130000000.0,3e+18,3.000867351e+18,2.6283209323883057,2.6261356830596925,0.009147157232754579,0.15730337092130933,25,False,0.017850938004434252,3e+18,1.000289117,True
CLM,154M_flops,run-gpt_154M_1024l_3e18flops_all0.02ep-tag-lm-loss-validation_valid_lm loss validation vs gigaflos (without embeddings).csv,154448288,154000000.0,3e+18,2.999852144e+18,2.637833595275879,2.639856243133545,0.002342608562557902,0.17462372572186344,21,False,0.002906732396164563,3e+18,0.9999507146666666,True
CLM,13M_flops,run-gpt_10M_1024l_6e18flops_all0.38ep-tag-lm-loss-validation_valid_lm loss validation vs gigaflos (without embeddings).csv,13192320,10000000.0,6e+18,5.981237437e+18,2.570434093475342,2.5697162628173826,0.004287768312159754,0.008140990641632503,482,False,0.27704974909458335,,,False
CLM,34M_flops,run-gpt_25M_1024l_6e18flops_all0.15ep-tag-lm-loss-validation_valid_lm loss validation vs gigaflos (without embeddings).csv,33690624,25000000.0,6e+18,5.991963772e+18,2.549822807312012,2.5563910007476807,0.0052390248383363475,0.020265499195344514,189,False,0.29834375419529685,,,False
CLM,65M_flops,run-gpt_49M_1024l_6e18flops_all0.08ep-tag-lm-loss-validation_valid_lm loss validation vs gigaflos (without embeddings).csv,65728000,49000000.0,6e+18,5.986778104e+18,2.538604259490967,2.5351863384246824,0.0046493915458544035,0.037632368710888084,97,False,0.2937047161954664,,,False
CLM,127M_flops,run-gpt_130M_1024l_6e18flops_all0.04ep-tag-lm-loss-validation_valid_lm loss validation vs gigaflos (without embeddings).csv,127699968,130000000.0,6e+18,5.9945095e+18,2.551531314849853,2.5532204627990724,0.009520361517937012,0.07593411003852775,50,False,0.017850938004434252,,,False
CLM,154M_flops,run-gpt_154M_1024l_6e18flops_all0.03ep-tag-lm-loss-validation_valid_lm loss validation vs gigaflos (without embeddings).csv,154448288,154000000.0,6e+18,6.018638458e+18,2.5799384117126465,2.570768642425537,0.0059551707659122296,0.08042268286718876,42,False,0.002906732396164563,,,False
CLM,170M_flops,run-gpt_170M_1024l_6e18flops_all0.03ep-tag-lm-loss-validation_valid_lm loss validation vs gigaflos (without embeddings).csv,170233344,170000000.0,6e+18,5.992083067e+18,2.55914044380188,2.5635239601135256,0.0029793895932067977,0.08896034301254797,38,False,0.0013716705943202176,,,False
CLM,13M_flops,run-gpt_10M_1024l_1e19flops_all0.63ep-tag-lm-loss-validation_valid_lm loss validation vs gigaflos (without embeddings).csv,13192320,10000000.0,1e+19,9.942389779e+18,2.5622239112854004,2.5632581233978273,0.005202086464877384,0.0038489546125850503,802,False,0.27704974909458335,1e+19,0.9942389779,True
CLM,25M_flops,run-tensorboard_gpt_25.1M_1024l_1e19flops_all0.3ep-tag-lm-loss-validation_valid_lm loss validation vs gigaflos (without embeddings).csv,25165824,25100000.0,1e+19,1.001792428e+19,2.5553886890411377,2.5490408897399903,0.00482720016376283,0.009234473271542937,421,False,0.00261903744483947,1e+19,1.001792428,True
CLM,47M_flops,run-gpt_47M_1024l_1e19flops_all0.17ep-tag-lm-loss-validation_valid_lm loss validation vs gigaflos (without embeddings).csv,47775744,47000000.0,1e+19,1.0025157323e+19,2.520271062850952,2.5221022605895995,0.003858863064416217,0.017516449801453105,222,False,0.0163704612934504,1e+19,1.0025157323,True
CLM,65M_flops,run-gpt_49M_1024l_1e19flops_all0.13ep-tag-lm-loss-validation_valid_lm loss validation vs gigaflos (without embeddings).csv,65728000,49000000.0,1e+19,1.0004327274e+19,2.508206367492676,2.510781002044678,0.003527583421074989,0.02159104976117358,162,False,0.2937047161954664,1e+19,1.0004327274,True
CLM,85M_flops,run-gpt_85M_1024l_1e19flops_all0.1ep-tag-lm-loss-validation_valid_lm loss validation vs gigaflos (without embeddings).csv,84934656,85000000.0,1e+19,1.0207934275e+19,2.494500637054444,2.5130420207977293,0.010949640392009694,0.024799454735909335,128,False,0.0007690485832456438,1e+19,1.0207934275000001,True
CLM,106M_flops,run-tensorboard_gpt_106M_1024l_1e19flops_all0.08ep-tag-lm-loss-validation_valid_lm loss validation vs gigaflos (without embeddings).csv,106168320,106000000.0,1e+19,1.0016629791e+19,2.5026392936706543,2.509626054763794,0.003930677387620996,0.038236767454870986,100,False,0.0015866651092134958,1e+19,1.0016629791,True
CLM,127M_flops,run-gpt_130M_1024l_1e19flops_all0.07ep-tag-lm-loss-validation_valid_lm loss validation vs gigaflos (without embeddings).csv,127699968,130000000.0,1e+19,1.002938358e+19,2.51560115814209,2.5132558822631834,0.0028400700270278323,0.03946209882621709,84,False,0.017850938004434252,1e+19,1.002938358,True
CLM,154M_flops,run-gpt_154M_1024l_1e19flops_all0.05ep-tag-lm-loss-validation_valid_lm loss validation vs gigaflos (without embeddings).csv,154448288,154000000.0,1e+19,1.0000639961e+19,2.5101983547210693,2.5102066516876222,0.005712545145320241,0.05335210447338691,69,False,0.002906732396164563,1e+19,1.0000639961,True
CLM,170M_flops,run-tensorboard_gpt_170M_1024l_1e19flops_all0.05ep-tag-lm-loss-validation_valid_lm loss validation vs gigaflos (without embeddings).csv,170233344,170000000.0,1e+19,1.0003931466e+19,2.519173622131348,2.515757608413696,0.004964357915656776,0.053070832382689476,63,False,0.0013716705943202176,1e+19,1.0003931466,True
CLM,230M_flops,run-tensorboard_gpt_230M_1024l_1e19flops_all0.04ep-tag-lm-loss-validation_valid_lm loss validation vs gigaflos (without embeddings).csv,231211008,230000000.0,1e+19,1.0000115765e+19,2.5387156009674072,2.531925582885742,0.0061402953254721445,0.0824351878890473,46,False,0.005251439198337288,1e+19,1.0000115765,True
CLM,300M_flops,run-gpt_300M_1024l_1e19flops_all0.03ep-tag-lm-loss-validation_valid_lm loss validation vs gigaflos (without embeddings).csv,302426080,300000000.0,1e+19,1.0011473905e+19,2.56384825706482,2.5606576919555666,0.004941083800226199,0.0881458967354717,36,False,0.008054409316673224,1e+19,1.0011473905,True
CLM,25M_flops,run-tensorboard_gpt_25.1M_1024l_3e19flops_all1ep-tag-lm-loss-validation_valid_lm loss validation vs gigaflos (without embeddings).csv,25165824,25100000.0,3e+19,3.0114388479e+19,2.523061752319336,2.5237952709197997,0.0023406575774007664,0.0033248850153414556,1000,False,0.00261903744483947,3e+19,1.0038129492999999,True
CLM,34M_flops,run-gpt_25M_1024l_3e19flops_all0.75ep-tag-lm-loss-validation_valid_lm loss validation vs gigaflos (without embeddings).csv,33690624,25000000.0,3e+19,2.9859014926e+19,2.5070197582244877,2.5085399627685545,0.0067391314729499455,0.00420494036093177,941,False,0.29834375419529685,3e+19,0.9953004975333334,True
CLM,47M_flops,run-gpt_47M_1024l_3e19flops_all0.5ep-tag-lm-loss-validation_valid_lm loss validation vs gigaflos (without embeddings).csv,47775744,47000000.0,3e+19,3.0161768506e+19,2.487875699996948,2.4775182247161864,0.007969459567268512,0.005347753795269448,668,False,0.0163704612934504,3e+19,1.0053922835333333,True
CLM,65M_flops,run-gpt_49M_1024l_3e19flops_all0.38ep-tag-lm-loss-validation_valid_lm loss validation vs gigaflos (without embeddings).csv,65728000,49000000.0,3e+19,2.9973952434e+19,2.4827980995178223,2.47278151512146,0.007283730781086718,0.007916003554167746,484,False,0.2937047161954664,3e+19,0.9991317477999999,True
CLM,85M_flops,run-gpt_85M_1024l_3e19flops_all0.3ep-tag-lm-loss-validation_valid_lm loss validation vs gigaflos (without embeddings).csv,84934656,85000000.0,3e+19,2.9960953426e+19,2.473391056060791,2.463699769973755,0.005761027005333046,0.008583345975126161,374,False,0.0007690485832456438,3e+19,0.9986984475333333,True
CLM,106M_flops,run-tensorboard_gpt_106M_1024l_3e19flops_all0.24ep-tag-lm-loss-validation_valid_lm loss validation vs gigaflos (without embeddings).csv,106168320,106000000.0,3e+19,3.0050223874e+19,2.460880756378174,2.454537868499756,0.004626613192334252,0.011532125199900267,300,False,0.0015866651092134958,3e+19,1.0016741291333333,True
CLM,127M_flops,run-gpt_130M_1024l_3e19flops_all0.2ep-tag-lm-loss-validation_valid_lm loss validation vs gigaflos (without embeddings).csv,127699968,130000000.0,3e+19,3.0011884717e+19,2.451277732849121,2.445851373672485,0.00802105488972115,0.012946715165139441,250,False,0.017850938004434252,3e+19,1.0003961572333333,True
CLM,154M_flops,run-gpt_154M_1024l_3e19flops_all0.16ep-tag-lm-loss-validation_valid_lm loss validation vs gigaflos (without embeddings).csv,154448288,154000000.0,3e+19,3.0002405376e+19,2.4329259395599365,2.435000276565552,0.0070066209952557214,0.019385740633491317,206,False,0.002906732396164563,3e+19,1.0000801792,True
CLM,170M_flops,run-gpt_170M_1024l_3e19flops_all0.15ep-tag-lm-loss-validation_valid_lm loss validation vs gigaflos (without embeddings).csv,170233344,170000000.0,3e+19,3.00117944e+19,2.436018228530884,2.4390380859375,0.0048315186673487005,0.020971538609500854,187,False,0.0013716705943202176,3e+19,1.0003931466666667,True
CLM,230M_flops,run-tensorboard_gpt_230M_1024l_3e19flops_all0.1ep-tag-lm-loss-validation_valid_lm loss validation vs gigaflos (without embeddings).csv,231211008,230000000.0,3e+19,3.0001803765e+19,2.4435629844665527,2.441394329071045,0.005048789086634777,0.024224476891214642,138,False,0.005251439198337288,3e+19,1.0000601255,True
CLM,300M_flops,run-gpt_300M_1024l_3e19flops_all0.08ep-tag-lm-loss-validation_valid_lm loss validation vs gigaflos (without embeddings).csv,302426080,300000000.0,3e+19,2.9926965735e+19,2.445687770843506,2.4447839736938475,0.008441558449745685,0.03720885892209536,105,False,0.008054409316673224,3e+19,0.9975655244999999,True
CLM,393M_flops,run-gpt_393M_1024l_3e19flops_all0.06ep-tag-lm-loss-validation_valid_lm loss validation vs gigaflos (without embeddings).csv,393216000,393000000.0,3e+19,2.9988857231e+19,2.460117816925049,2.4575273036956786,0.0029802494792438273,0.046360896692082425,81,False,0.0005494673357816,3e+19,0.9996285743666666,True
CLM,470M_flops,run-gpt_470M_1024l_3e19flops_all0.05ep-tag-lm-loss-validation_valid_lm loss validation vs gigaflos (without embeddings).csv,472435184,470000000.0,3e+19,3.0035127078e+19,2.4641566276550293,2.465337133407593,0.007114777609857145,0.0503041994154469,68,False,0.0051678661005296524,3e+19,1.0011709026,True
CLM,550M_flops,run-gpt_550M_1024l_3e19flops_all0.05ep-tag-lm-loss-validation_valid_lm loss validation vs gigaflos (without embeddings).csv,550502400,550000000.0,3e+19,3.0082148961e+19,2.487795352935791,2.4810805797576903,0.005648575144155942,0.06660520857727299,58,False,0.0009130375997392325,3e+19,1.0027382987,True
CLM,65M_flops,run-gpt_49M_1024l_6e19flops_all0.75ep-tag-lm-loss-validation_valid_lm loss validation vs gigaflos (without embeddings).csv,65728000,49000000.0,6e+19,5.9869020068e+19,2.4639430046081543,2.456316614151001,0.011746180561049837,0.003504463372904625,967,False,0.2937047161954664,,,False
CLM,106M_flops,run-tensorboard_gpt_106M_1024l_1e20flops_all0.78ep-tag-lm-loss-validation_valid_lm loss validation vs gigaflos (without embeddings).csv,106168320,106000000.0,1e+20,1.00167301415e+20,2.4198288917541504,2.407102632522583,0.008413272241296774,0.00318246936372251,999,False,0.0015866651092134958,1e+20,1.0016730141499999,True
CLM,127M_flops,run-gpt_130M_1024l_1e20flops_all0.65ep-tag-lm-loss-validation_valid_lm loss validation vs gigaflos (without embeddings).csv,127699968,130000000.0,1e+20,1.00294638604e+20,2.396822452545166,2.394633913040161,0.007272605993344062,0.004650567113977356,833,False,0.017850938004434252,1e+20,1.00294638604,True
CLM,154M_flops,run-gpt_154M_1024l_1e20flops_all0.5ep-tag-lm-loss-validation_valid_lm loss validation vs gigaflos (without embeddings).csv,154448288,154000000.0,1e+20,9.3155628682e+19,2.379307746887207,2.3910600185394286,0.007683225723769451,0.005623335545168548,640,False,0.002906732396164563,1e+20,0.93155628682,True
CLM,230M_flops,run-tensorboard_gpt_230M_1024l_1e20flops_all0.36ep-tag-lm-loss-validation_valid_lm loss validation vs gigaflos (without embeddings).csv,231211008,230000000.0,1e+20,1.00146076316e+20,2.3648276329040527,2.369699239730835,0.0073787607379277465,0.007409885182705219,459,False,0.005251439198337288,1e+20,1.0014607631599999,True
CLM,393M_flops,run-gpt_393M_1024l_1e20flops_all0.21ep-tag-lm-loss-validation_valid_lm loss validation vs gigaflos (without embeddings).csv,393216000,393000000.0,1e+20,1.00120912898e+20,2.3766438961029053,2.370921754837036,0.00798322064853291,0.013243313425945395,270,False,0.0005494673357816,1e+20,1.00120912898,True
CLM,470M_flops,run-gpt_470M_1024l_1e20flops_all0.18ep-tag-lm-loss-validation_valid_lm loss validation vs gigaflos (without embeddings).csv,472435184,470000000.0,1e+20,1.00026466393e+20,2.354346990585327,2.363045358657837,0.00580886456633734,0.01528316178833835,225,False,0.0051678661005296524,1e+20,1.00026466393,True
CLM,550M_flops,run-gpt_550M_1024l_1e20flops_all0.15ep-tag-lm-loss-validation_valid_lm loss validation vs gigaflos (without embeddings).csv,550502400,550000000.0,1e+20,1.00167524359e+20,2.366021156311035,2.3608893871307375,0.00414085622374048,0.01889534883797833,193,False,0.0009130375997392325,1e+20,1.00167524359,True
CLM,680M_flops,run-gpt_500M_1024l_1e20flops_all0.12ep-tag-lm-loss-validation_valid_lm loss validation vs gigaflos (without embeddings).csv,680205312,500000000.0,1e+20,9.9961190705e+19,2.373086929321289,2.3693992137908935,0.003841793229955119,0.024181468007254372,156,False,0.3077865835882132,1e+20,0.99961190705,True
CLM,880M_flops,run-gpt_880M_1024l_1e20flops_all0.09ep-tag-lm-loss-validation_valid_lm loss validation vs gigaflos (without embeddings).csv,886308864,880000000.0,1e+20,1.00032949932e+20,2.3751425743103027,2.3839199542999268,0.0062349641515354335,0.029505270783340518,120,False,0.007143587350375217,1e+20,1.00032949932,True
CLM,1.2B_flops,run-gpt_1b_1024l_1e20flops_all0.07ep-tag-lm-loss-validation_valid_lm loss validation vs gigaflos (without embeddings).csv,1208881136,1000000000.0,1e+20,1.00068287429e+20,2.447370767593384,2.4436880588531493,0.0033949552670940932,0.08814589665340637,44,False,0.1896952508357182,1e+20,1.00068287429,True
CLM,1.5B_flops,run-gpt_1.5b_1024l_1e20flops_all0.05ep-tag-lm-loss-validation_valid_lm loss validation vs gigaflos (without embeddings).csv,1528823808,1500000000.0,1e+20,1.00036731229e+20,2.428196430206299,2.4350013732910156,0.007005127369062749,0.10533910534199029,35,False,0.019033578712934075,1e+20,1.00036731229,True
CLM,393M_flops,run-gpt_393M_1024l_3e20flops_all0.64ep-tag-lm-loss-validation_valid_lm loss validation vs gigaflos (without embeddings).csv,393216000,393000000.0,3e+20,2.99892286408e+20,2.3059325218200684,2.304789924621582,0.0047566319272148595,0.004264489148147339,808,False,0.0005494673357816,3e+20,0.9996409546933334,True
CLM,550M_flops,run-gpt_550M_1024l_3e20flops_all0.45ep-tag-lm-loss-validation_valid_lm loss validation vs gigaflos (without embeddings).csv,550502400,550000000.0,3e+20,3.00174990331e+20,2.296074390411377,2.287669849395752,0.008393389075033,0.0056990420758024725,578,False,0.0009130375997392325,3e+20,1.0005833011033334,True
CLM,680M_flops,run-gpt_500M_1024l_3e20flops_all0.37ep-tag-lm-loss-validation_valid_lm loss validation vs gigaflos (without embeddings).csv,680205312,500000000.0,3e+20,2.99883572117e+20,2.293102979660034,2.293192672729492,0.00651854057402345,0.007061844638737911,468,False,0.3077865835882132,3e+20,0.9996119070566668,True
CLM,880M_flops,run-gpt_880M_1024l_3e20flops_all0.28ep-tag-lm-loss-validation_valid_lm loss validation vs gigaflos (without embeddings).csv,886308864,880000000.0,3e+20,3.00098849799e+20,2.3002631664276123,2.3007868766784667,0.003987292374735754,0.009983825089655559,359,False,0.007143587350375217,3e+20,1.00032949933,True
CLM,1.2B_flops,run-gpt_1b_1024l_3e20flops_all0.21ep-tag-lm-loss-validation_valid_lm loss validation vs gigaflos (without embeddings).csv,1208881136,1000000000.0,3e+20,3.00220070234e+20,2.305758476257324,2.3149588108062744,0.007451668225057938,0.027404893369011755,132,False,0.1896952508357182,3e+20,1.0007335674466666,True
CLM,1.5B_flops,run-gpt_1.5b_1024l_3e20flops_all0.16ep-tag-lm-loss-validation_valid_lm loss validation vs gigaflos (without embeddings).csv,1528823808,1500000000.0,3e+20,3.00110193689e+20,2.324634075164795,2.3199398040771486,0.005951573954529748,0.03799903799941472,104,False,0.019033578712934075,3e+20,1.0003673122966668,True
CLM,1.7B_flops,run-gpt_1.7b_1024l_3e20flops_all0.14ep-tag-lm-loss-validation_valid_lm loss validation vs gigaflos (without embeddings).csv,1784851968,1700000000.0,3e+20,2.99795695592e+20,2.324178457260132,2.332103061676025,0.005436143893391789,0.03378024118058835,90,False,0.048707229638021765,3e+20,0.9993189853066666,True
CLM,2.4B_flops,run-gpt_2.4b_1024l_3e20flops_all0.1ep_wu10-tag-lm-loss-validation_valid_lm loss validation vs gigaflos (without embeddings).csv,2359296000,2400000000.0,3e+20,3.00210283463e+20,2.32844352722168,2.328933095932007,0.004466631824530307,0.05030419943579737,68,False,0.017105467902939063,3e+20,1.0007009448766666,True
CLM,2.8B_flops,run-gpt_3b_1024l_3e20flops_all0.09ep_wu10-tag-lm-loss-validation_valid_lm loss validation vs gigaflos (without embeddings).csv,2834283904,3000000000.0,3e+20,2.99253867564e+20,2.338700771331787,2.3490352630615234,0.01012735997611126,0.0705433746432207,56,False,0.05682297457657763,3e+20,0.99751289188,True
CLM,880M_flops,run-gpt_880M_lr3.5_1024l_all0.94ep_1e21flops-tag-lm-loss-validation_valid_lm loss validation vs gigaflos (without embeddings).csv,886308864,880000000.0,1e+21,1.000332289018e+21,2.213336706161499,2.2211021423339843,0.006162471228868978,0.003572414600860412,1000,False,0.007143587350375217,1e+21,1.000332289018,True
CLM,1.5B_flops,run-gpt_1.5b_1024l_1e21flops_all0.5ep-tag-lm-loss-validation_valid_lm loss validation vs gigaflos (without embeddings).csv,1528823808,1500000000.0,1e+21,1.000367312297e+21,2.214428186416626,2.214229917526245,0.004475441265100705,0.010101010100777847,347,False,0.019033578712934075,1e+21,1.000367312297,True
CLM,2.4B_flops,run-gpt_2.4b_1024l_1e21flops_all0.35ep-tag-lm-loss-validation_valid_lm loss validation vs gigaflos (without embeddings).csv,2359296000,2400000000.0,1e+21,9.99795131587e+20,2.210998296737671,2.2105685234069825,0.005308989345443935,0.015283161787100968,225,False,0.017105467902939063,1e+21,0.9997951315870001,True
CLM,2.8B_flops,run-gpt_3b_1024l_1e21flops_all0.3ep-tag-lm-loss-validation_valid_lm loss validation vs gigaflos (without embeddings).csv,2834283904,3000000000.0,1e+21,9.99818867825e+20,2.221229553222656,2.214470911026001,0.009012384316082781,0.020971538626404596,187,False,0.05682297457657763,1e+21,0.9998188678250001,True
CLM,3.4B_flops,run-gpt_3.4b_1024l_1e21flops_all0.25ep-tag-lm-loss-validation_valid_lm loss validation vs gigaflos (without embeddings).csv,3425697792,3400000000.0,1e+21,1.001365243934e+21,2.231316089630127,2.2277814865112306,0.010919457353809068,0.02461081325449356,155,False,0.007529754231449573,1e+21,1.001365243934,True
CLM,5B_flops,run-gpt_5b_1024l_1e21flops_all0.17ep-tag-lm-loss-validation_valid_lm loss validation vs gigaflos (without embeddings).csv,4917322640,5000000000.0,1e+21,1.003021591331e+21,2.248414993286133,2.254964303970337,0.007067629071039301,0.028497409326024573,109,False,0.01667370891072705,1e+21,1.003021591331,True
CLM,6B_flops,run-gpt_6b_1024l_1e21flops_all0.13ep_wu10-tag-lm-loss-validation_valid_lm loss validation vs gigaflos (without embeddings).csv,6165626880,6000000000.0,1e+21,9.99134354602e+20,2.2697577476501465,2.2652362823486327,0.007966527281249502,0.04462309215937224,86,False,0.02723034591711257,1e+21,0.999134354602,True
CLM,7B_flops,run-gpt_7b_1024l_1e21flops_all0.11ep_wu10-tag-lm-loss-validation_valid_lm loss validation vs gigaflos (without embeddings).csv,7247758312,7000000000.0,1e+21,1.000419374676e+21,2.300961494445801,2.297533559799194,0.0047292562243834175,0.04258229233194995,74,False,0.03478207365477842,1e+21,1.000419374676,True
CLM,13M_flops,run-gpt_10M_bsz0.5M_lr10_1024_noreg_all0.25ep_bf16-tag-lm-loss-validation_valid_lm loss validation vs gigaflos (without embeddings).csv,13192320,10000000.0,,3.945390142e+18,2.580852508544922,2.584738254547119,0.007035679982226064,0.012236937352797796,318,False,0.27704974909458335,,,False
CLM,13M_flops,run-gpt_10M_bsz0.5M_lr10_1024_noreg_all0.75ep_bf16-tag-lm-loss-validation_valid_lm loss validation vs gigaflos (without embeddings).csv,13192320,10000000.0,,1.1836211798e+19,2.5575451850891118,2.560438394546509,0.004025562837344684,0.0038517730823053173,954,False,0.27704974909458335,,,False
CLM,13M_flops,run-gpt_10M_bsz0.5M_lr10_1024_noreg_all1ep_bf16-tag-lm-loss-validation_valid_lm loss validation vs gigaflos (without embeddings).csv,13192320,10000000.0,,1.5781601941e+19,2.554716110229492,2.5551681995391844,0.0006998681327012422,0.004375191647725991,1000,False,0.27704974909458335,,,False
CLM,34M_flops,run-gpt_25M_bsz0.5M_lr6.0_1024_noreg_all0.5ep_bf16-tag-lm-loss-validation_valid_lm loss validation vs gigaflos (without embeddings).csv,33690624,25000000.0,,2.0174961486e+19,2.5153212547302246,2.5185122013092043,0.004807541742817365,0.00594545283683616,636,False,0.29834375419529685,,,False
CLM,34M_flops,run-gpt_25M_bsz0.5M_lr6.0_1024_noreg_all0.25ep_bf16-tag-lm-loss-validation_valid_lm loss validation vs gigaflos (without embeddings).csv,33690624,25000000.0,,1.0087480743e+19,2.535075664520264,2.5389150619506835,0.008792692994034063,0.01223693736274635,318,False,0.29834375419529685,1e+19,1.0087480743000001,True
CLM,65M_flops,run-gpt_49M_bsz0.5M_lr6.0_1024_noreg_all0.25ep_bf16-tag-lm-loss-validation_valid_lm loss validation vs gigaflos (without embeddings).csv,65728000,49000000.0,,1.9693734864e+19,2.485702514648437,2.4908031940460207,0.010906953151519034,0.012236937313527471,318,False,0.2937047161954664,,,False
CLM,85M_flops,run-gpt_85M_bsz0.5M_lr5.5_1024_noreg_all0.25ep_bf16-tag-lm-loss-validation_valid_lm loss validation vs gigaflos (without embeddings).csv,84934656,85000000.0,,2.5520370892e+19,2.4658219814300537,2.4712307929992674,0.011410253892542596,0.012236937320448426,318,False,0.0007690485832456438,,,False
CLM,85M_flops,run-gpt_85M_bsz0.5M_lr5.5_1024_noreg_all1ep_bf16-tag-lm-loss-validation_valid_lm loss validation vs gigaflos (without embeddings).csv,84934656,85000000.0,,1.02081751171e+20,2.4277024269104004,2.4249425888061524,0.0027354507711304286,0.0043751916956423584,1000,False,0.0007690485832456438,1e+20,1.02081751171,True
CLM,85M_flops,run-gpt_85M_bsz0.5M_lr5.5_1024_noreg_all0.75ep_bf16-tag-lm-loss-validation_valid_lm loss validation vs gigaflos (without embeddings).csv,84934656,85000000.0,,7.6561380278e+19,2.4263429641723637,2.4292770862579345,0.009486817574925418,0.0038517731515446377,954,False,0.0007690485832456438,,,False
CLM,85M_flops,run-gpt_85M_bsz0.5M_lr5.5_1024_noreg_all0.5ep_bf16-tag-lm-loss-validation_valid_lm loss validation vs gigaflos (without embeddings).csv,84934656,85000000.0,,5.1040741784e+19,2.445727825164795,2.4487190723419188,0.005301293234917227,0.005945452836171902,636,False,0.0007690485832456438,,,False
CLM,127M_flops,run-gpt_127M_bsz0.5M_lr5.0_1024_noreg_all1ep_bf16-tag-lm-loss-validation_valid_lm loss validation vs gigaflos (without embeddings).csv,127699968,127000000.0,,2.0412663841e+20,2.355443239212036,2.357187795639038,0.0028040131837236506,0.004375191689612648,1000,False,0.00549642599255683,,,False
CLM,127M_flops,run-gpt_127M_bsz0.5M_lr5.0_1024_noreg_all0.75ep_bf16-tag-lm-loss-validation_valid_lm loss validation vs gigaflos (without embeddings).csv,127699968,127000000.0,,1.32117857607e+20,2.375488519668579,2.379797649383545,0.00851777165460694,0.004860267314582699,823,False,0.00549642599255683,,,False
CLM,127M_flops,run-gpt_130M_bsz0.5M_lr5.0_1024_noreg_all1ep_bf16-tag-lm-loss-validation_valid_lm loss validation vs gigaflos (without embeddings).csv,127699968,130000000.0,,1.53121705156e+20,2.3798515796661377,2.3828686237335206,0.00308219635905347,0.004375191690279675,1000,False,0.017850938004434252,,,False
CLM,127M_flops,run-gpt_130M_bsz0.5M_lr5.0_1024_noreg_all0.5ep_bf16-tag-lm-loss-validation_valid_lm loss validation vs gigaflos (without embeddings).csv,127699968,130000000.0,,7.6560651878e+19,2.4085500240325928,2.4115650177001955,0.006178843847640072,0.005945452825105842,636,False,0.017850938004434252,,,False
CLM,127M_flops,run-gpt_130M_bsz0.5M_lr5.0_1024_noreg_all0.25ep_bf16-tag-lm-loss-validation_valid_lm loss validation vs gigaflos (without embeddings).csv,127699968,130000000.0,,3.8280325939e+19,2.4324233531951904,2.438738393783569,0.012068023456863683,0.012236937317264556,318,False,0.017850938004434252,,,False
CLM,127M_flops,run-gpt_130M_bsz0.5M_lr5.0_1024_noreg_all0.75ep_bf16-tag-lm-loss-validation_valid_lm loss validation vs gigaflos (without embeddings).csv,127699968,130000000.0,,1.14841379217e+20,2.390653133392334,2.393414306640625,0.010458083632211913,0.0038517731414926273,954,False,0.017850938004434252,1e+20,1.14841379217,True
CLM,170M_flops,run-gpt_170M_bsz0.5M_lr5.0_1024_noreg_all1ep_bf16-tag-lm-loss-validation_valid_lm loss validation vs gigaflos (without embeddings).csv,170233344,170000000.0,,2.04161659145e+20,2.3505280017852783,2.3527968883514405,0.002986300782476871,0.004375191692410736,1000,False,0.0013716705943202176,,,False
CLM,170M_flops,run-gpt_170M_bsz0.5M_lr5.0_1024_noreg_all0.25ep_bf16-tag-lm-loss-validation_valid_lm loss validation vs gigaflos (without embeddings).csv,170233344,170000000.0,,5.1040280986e+19,2.4063384532928467,2.412743425369263,0.012196779354329305,0.012236937296080209,318,False,0.0013716705943202176,,,False
CLM,170M_flops,run-gpt_170M_bsz0.5M_lr5.0_1024_noreg_all0.5ep_bf16-tag-lm-loss-validation_valid_lm loss validation vs gigaflos (without embeddings).csv,170233344,170000000.0,,1.02080561973e+20,2.382333755493164,2.3844910621643067,0.006474610737171499,0.005945452829310599,636,False,0.0013716705943202176,1e+20,1.02080561973,True
CLM,170M_flops,run-gpt_170M_bsz0.5M_lr5.0_1024_noreg_all0.75ep_bf16-tag-lm-loss-validation_valid_lm loss validation vs gigaflos (without embeddings).csv,170233344,170000000.0,,1.53121378158e+20,2.3637583255767822,2.365607166290283,0.010485648638066936,0.00385177314294691,954,False,0.0013716705943202176,,,False
CLM,300M_flops,run-gpt_300M_bsz0.5M_lr4.0_1024_noreg_all0.75ep_bf16-tag-lm-loss-validation_valid_lm loss validation vs gigaflos (without embeddings).csv,302426080,300000000.0,,2.72065226745e+20,2.317336082458496,2.3196003913879393,0.012086763667630257,0.0038517731447620497,954,False,0.008054409316673224,3e+20,0.90688408915,True
CLM,300M_flops,run-gpt_300M_bsz0.5M_lr4.0_1024_noreg_all0.5ep_bf16-tag-lm-loss-validation_valid_lm loss validation vs gigaflos (without embeddings).csv,302426080,300000000.0,,1.81376183872e+20,2.340188980102539,2.344121503829956,0.007822457416958275,0.005945452831673958,636,False,0.008054409316673224,,,False
CLM,470M_flops,run-gpt_470M_bsz0.5M_lr4.0_1024_noreg_all0.25ep_bf16-tag-lm-loss-validation_valid_lm loss validation vs gigaflos (without embeddings).csv,472435184,470000000.0,,1.41680761938e+20,2.340637683868408,2.3470126152038575,0.012495551614218576,0.012236937303871218,318,False,0.0051678661005296524,,,False
CLM,470M_flops,run-gpt_470M_bsz0.5M_lr4.0_1024_noreg_all0.5ep_bf16-tag-lm-loss-validation_valid_lm loss validation vs gigaflos (without embeddings).csv,472435184,470000000.0,,2.83361523878e+20,2.300533533096313,2.304963731765747,0.008952088727070156,0.005945452829810975,636,False,0.0051678661005296524,3e+20,0.9445384129266666,True
CLM,680M_flops,run-gpt_500M_bsz0.5M_lr3.5_1024_noreg_all0.25ep_bf16-tag-lm-loss-validation_valid_lm loss validation vs gigaflos (without embeddings).csv,680205312,500000000.0,,2.04001687867e+20,2.3177382946014404,2.3237338066101074,0.012345941231994506,0.01223693730724178,318,False,0.3077865835882132,,,False
CLM,680M_flops,run-gpt_500M_bsz0.5M_lr3.5_1024_noreg_all1ep_bf16-tag-lm-loss-validation_valid_lm loss validation vs gigaflos (without embeddings).csv,680205312,500000000.0,,8.16008890591e+20,2.2383697032928467,2.2381370067596436,0.0031027837211428555,0.004375191692353092,1000,False,0.3077865835882132,,,False
CLM,680M_flops,run-gpt_500M_bsz0.5M_lr3.5_1024_noreg_all0.75ep_bf16-tag-lm-loss-validation_valid_lm loss validation vs gigaflos (without embeddings).csv,680205312,500000000.0,,6.12007202724e+20,2.251667022705078,2.2544722080230715,0.013062436291470091,0.0038517731433679063,954,False,0.3077865835882132,,,False
CLM,680M_flops,run-gpt_500M_bsz0.5M_lr3.5_1024_noreg_all0.5ep_bf16-tag-lm-loss-validation_valid_lm loss validation vs gigaflos (without embeddings).csv,680205312,500000000.0,,4.08003375734e+20,2.276495218276977,2.2807197093963625,0.009003447782244774,0.005945452830227257,636,False,0.3077865835882132,,,False
CLM,1.2B_flops,run-gpt_1b_1024_lr3.0_noreg_all0.25ep_bf16-tag-lm-loss-validation_valid_lm loss validation vs gigaflos (without embeddings).csv,1208881136,1000000000.0,,3.62580254521e+20,2.302921772003174,2.297770118713379,0.007410188423774775,0.024809680598530726,159,False,0.1896952508357182,,,False
CLM,1.2B_flops,run-gpt_1b_1024_lr3.0_noreg_all0.5ep_bf16-tag-lm-loss-validation_valid_lm loss validation vs gigaflos (without embeddings).csv,1208881136,1000000000.0,,7.25168113017e+20,2.2393641471862797,2.2384174823760987,0.00683525838991733,0.012236937305587312,318,False,0.1896952508357182,,,False
CLM,1.2B_flops,run-gpt_1b_1024_lr3.0_noreg_all0.75ep_bf16-tag-lm-loss-validation_valid_lm loss validation vs gigaflos (without embeddings).csv,1208881136,1000000000.0,,1.087755971514e+21,2.2072229385375977,2.2069581031799315,0.005674994132971375,0.008046081467903277,477,False,0.1896952508357182,1e+21,1.087755971514,True
CLM,1.2B_flops,run-gpt_1b_1024_lr3.0_noreg_all1ep_bf16-tag-lm-loss-validation_valid_lm loss validation vs gigaflos (without embeddings).csv,1208881136,1000000000.0,,1.450336226038e+21,2.181856870651245,2.186347246170044,0.0050369640106094,0.005945452829621411,636,False,0.1896952508357182,,,False
CLM,1.2B_flops,run-gpt_1b_1024_lr3.0_noreg_ur50_bf16-tag-lm-loss-validation_valid_lm loss validation vs gigaflos (without embeddings).csv,1208881136,1000000000.0,,1.450336226038e+21,2.272873878479004,2.2661630153656005,0.005865804993926824,0.005945452829621411,636,False,0.1896952508357182,,,False
CLM,1.2B_flops,run-gpt_1b_1024_noreg_all1ep_bf16-tag-lm-loss-validation_valid_lm loss validation vs gigaflos (without embeddings).csv,1208881136,1000000000.0,,8.4404102619e+19,2.4550352096557617,2.458300065994263,0.004688087178841571,0.10810810811163028,37,False,0.1896952508357182,,,False
CLM,1.7B_flops,run-gpt_1.7b_1024_noreg_all0.5ep_bf16-tag-lm-loss-validation_valid_lm loss validation vs gigaflos (without embeddings).csv,1784851968,1700000000.0,,1.070729387369e+21,2.203841209411621,2.203272294998169,0.00680383790205258,0.012236937305134945,318,False,0.048707229638021765,1e+21,1.070729387369,True
CLM,2.8B_flops,run-gpt_3b_1024_noreg_all0.5ep_bf16-tag-lm-loss-validation_valid_lm loss validation vs gigaflos (without embeddings).csv,2834283904,3000000000.0,,1.700366038372e+21,2.1703989505767822,2.1695148944854736,0.006876992013273633,0.01223693730552369,318,False,0.05682297457657763,,,False
CLM,2.8B_flops,run-gpt_3b_1024_noreg_all0.25ep_bf16-tag-lm-loss-validation_valid_lm loss validation vs gigaflos (without embeddings).csv,2834283904,3000000000.0,,8.50174104331e+20,2.243400812149048,2.235948324203491,0.008026477784407845,0.024809680599008215,159,False,0.05682297457657763,,,False
CLM,2.8B_flops,run-gpt_3b_1024_noreg_all1ep_bf16-tag-lm-loss-validation_valid_lm loss validation vs gigaflos (without embeddings).csv,2834283904,3000000000.0,,3.400732076738e+21,2.105414628982544,2.1094414710998537,0.0047167331797076766,0.005945452829496044,636,False,0.05682297457657763,,,False
CLM,2.8B_flops,run-gpt_3b_1024_noreg_all0.75ep_bf16-tag-lm-loss-validation_valid_lm loss validation vs gigaflos (without embeddings).csv,2834283904,3000000000.0,,2.55055797241e+21,2.133838176727295,2.133543682098389,0.0060179425118693335,0.008046081467267818,477,False,0.05682297457657763,,,False
CLM,5B_flops,run-gpt_5b_1024_noreg_all0.25ep_bf16-tag-lm-loss-validation_valid_lm loss validation vs gigaflos (without embeddings).csv,4917322640,5000000000.0,,1.457016930412e+21,2.1899523735046387,2.2032583713531495,0.008964059415526042,0.02547770700681099,157,False,0.01667370891072705,,,False
MLM,6M_flops,run-mlm_6M_1024l_1e18flops_all0.13ep-tag-lm-loss-validation_valid_lm loss validation vs gigaflos (without embeddings).csv,6291456,6000000.0,1e+18,1.004422662e+18,2.4007458686828613,2.40260853767395,0.004522126145161555,0.02065526972349415,169,False,0.04743305323463204,1e+18,1.004422662,True
MLM,10M_flops,run-mlm_10.1M_1024l_1e18flops_all0.09ep-tag-lm-loss-validation_valid_lm loss validation vs gigaflos (without embeddings).csv,9830400,10100000.0,1e+18,1.006218375e+18,2.396082878112793,2.3963877677917482,0.005612799646815006,0.028497409421687415,109,False,0.027055798756107193,1e+18,1.006218375,True
MLM,13M_flops,run-mlm_10M_1024l_1e18flops_all0.06ep-tag-lm-loss-validation_valid_lm loss validation vs gigaflos (without embeddings).csv,13192320,10000000.0,1e+18,9.94218292e+17,2.399672031402588,2.3972702980041505,0.0032945929243168933,0.03878162402588344,81,False,0.27704974909458335,1e+18,0.994218292,True
MLM,25M_flops,run-mlm_25.1M_1024l_1e18flops_all0.03ep-tag-lm-loss-validation_valid_lm loss validation vs gigaflos (without embeddings).csv,25165824,25100000.0,1e+18,1.001744824e+18,2.4320876598358154,2.42712082862854,0.008573370105625913,0.07334072634050366,43,False,0.00261903744483947,1e+18,1.001744824,True
MLM,34M_flops,run-mlm_25M_1024l_1e18flops_all0.02ep-tag-lm-loss-validation_valid_lm loss validation vs gigaflos (without embeddings).csv,33690624,25000000.0,1e+18,9.9862537e+17,2.4301650524139404,2.441231536865234,0.0065453136922073015,0.11026374385020882,32,False,0.29834375419529685,1e+18,0.99862537,True
MLM,65M_flops,run-mlm_49M_1024l_bsz256_1e18flops_all0.01ep-tag-lm-loss-validation_valid_lm loss validation vs gigaflos (without embeddings).csv,65728000,49000000.0,1e+18,1.000412077e+18,2.454048156738281,2.444152355194092,0.007843861414261912,0.10207451843866536,33,False,0.2937047161954664,1e+18,1.000412077,True
MLM,85M_flops,run-mlm_85M_1024l_bsz256_1e18flops_all0.01ep-tag-lm-loss-validation_valid_lm loss validation vs gigaflos (without embeddings).csv,84934656,85000000.0,1e+18,1.000295137e+18,2.465641736984253,2.462660026550293,0.005017283550913861,0.15730337095500646,25,False,0.0007690485832456438,1e+18,1.000295137,True
MLM,6M_flops,run-mlm_6M_1024l_3e18flops_all0.39ep-tag-lm-loss-validation_valid_lm loss validation vs gigaflos (without embeddings).csv,6291456,6000000.0,3e+18,3.013307733e+18,2.361924171447754,2.3610848903656008,0.0007709780119579574,0.006819051295349396,506,False,0.04743305323463204,3e+18,1.004435911,True
MLM,13M_flops,run-mlm_10M_1024l_3e18flops_all0.19ep-tag-lm-loss-validation_valid_lm loss validation vs gigaflos (without embeddings).csv,13192320,10000000.0,3e+18,2.990598033e+18,2.343022346496582,2.3479289531707765,0.005722035359333188,0.01643426313321594,241,False,0.27704974909458335,3e+18,0.996866011,True
MLM,25M_flops,run-mlm_25.1M_1024l_3e18flops_all0.1ep-tag-lm-loss-validation_valid_lm loss validation vs gigaflos (without embeddings).csv,25165824,25100000.0,3e+18,3.011422979e+18,2.3741378784179688,2.36751503944397,0.00500614739560975,0.027821688146851323,127,False,0.00261903744483947,3e+18,1.0038076596666667,True
MLM,34M_flops,run-mlm_25M_1024l_3e18flops_all0.07ep-tag-lm-loss-validation_valid_lm loss validation vs gigaflos (without embeddings).csv,33690624,25000000.0,3e+18,2.985827449e+18,2.3712892532348637,2.3743889808654783,0.00405133939618998,0.03287515929055953,95,False,0.29834375419529685,3e+18,0.9952758163333333,True
MLM,65M_flops,run-mlm_49M_1024l_3e18flops_all0.04ep-tag-lm-loss-validation_valid_lm loss validation vs gigaflos (without embeddings).csv,65728000,49000000.0,3e+18,2.997209389e+18,2.386813163757324,2.391636514663696,0.007715887048977955,0.06986358002497235,49,False,0.2937047161954664,3e+18,0.9990697963333334,True
MLM,85M_flops,run-mlm_85M_1024l_3e18flops_all0.03ep-tag-lm-loss-validation_valid_lm loss validation vs gigaflos (without embeddings).csv,84934656,85000000.0,3e+18,2.996068582e+18,2.39237117767334,2.3963215827941893,0.0036270136693018554,0.08896034309804728,38,False,0.0007690485832456438,3e+18,0.9986895273333334,True
MLM,106M_flops,run-mlm_106M_1024l_3e18flops_all0.02ep-tag-lm-loss-validation_valid_lm loss validation vs gigaflos (without embeddings).csv,106168320,106000000.0,3e+18,3.004821686e+18,2.407798290252685,2.4101071834564207,0.0017853858123976572,0.13169319824990108,30,False,0.0015866651092134958,3e+18,1.0016072286666666,True
MLM,154M_flops,run-mlm_154M_1024l_3e18flops_all0.02ep-tag-lm-loss-validation_valid_lm loss validation vs gigaflos (without embeddings).csv,154448288,154000000.0,3e+18,2.999852144e+18,2.4224624633789062,2.430282402038574,0.004823610081120148,0.17462372572186344,21,False,0.002906732396164563,3e+18,0.9999507146666666,True
MLM,13M_flops,run-mlm_10M_1024l_1e19flops_all0.63ep-tag-lm-loss-validation_valid_lm loss validation vs gigaflos (without embeddings).csv,13192320,10000000.0,1e+19,9.942389779e+18,2.2976536750793457,2.298099660873413,0.003871496445129967,0.0038489546125850503,802,False,0.27704974909458335,1e+19,0.9942389779,True
MLM,25M_flops,run-mlm_25.1M_1024l_1e19flops_all0.3ep-tag-lm-loss-validation_valid_lm loss validation vs gigaflos (without embeddings).csv,25165824,25100000.0,1e+19,1.001792428e+19,2.298612356185913,2.2945422649383547,0.005956799640268095,0.009234473271542937,421,False,0.00261903744483947,1e+19,1.001792428,True
MLM,34M_flops,run-mlm_25M_1024l_1e19flops_all0.25ep-tag-lm-loss-validation_valid_lm loss validation vs gigaflos (without embeddings).csv,33690624,25000000.0,1e+19,9.986571029e+18,2.2887349128723145,2.2880091667175293,0.005131269969595136,0.011788630818138496,315,False,0.29834375419529685,1e+19,0.9986571029,True
MLM,47M_flops,run-mlm_47M_1024l_1e19flops_all0.17ep-tag-lm-loss-validation_valid_lm loss validation vs gigaflos (without embeddings).csv,47775744,47000000.0,1e+19,1.0025157323e+19,2.277523994445801,2.282040166854858,0.004469505333566038,0.017516449801453105,222,False,0.0163704612934504,1e+19,1.0025157323,True
MLM,65M_flops,run-mlm_49M_1024l_1e19flops_all0.13ep-tag-lm-loss-validation_valid_lm loss validation vs gigaflos (without embeddings).csv,65728000,49000000.0,1e+19,1.0004327274e+19,2.290457248687744,2.2920385360717774,0.004896173264820974,0.02159104976117358,162,False,0.2937047161954664,1e+19,1.0004327274,True
MLM,85M_flops,run-mlm_85M_1024l_1e19flops_all0.1ep-tag-lm-loss-validation_valid_lm loss validation vs gigaflos (without embeddings).csv,84934656,85000000.0,1e+19,1.0004021783e+19,2.28713607788086,2.287800598144531,0.002785807814557676,0.0289963620923876,125,False,0.0007690485832456438,1e+19,1.0004021783000001,True
MLM,106M_flops,run-mlm_106M_1024l_1e19flops_all0.08ep-tag-lm-loss-validation_valid_lm loss validation vs gigaflos (without embeddings).csv,106168320,106000000.0,1e+19,1.0016629791e+19,2.292452573776245,2.2991098880767824,0.004142796735145986,0.038236767454870986,100,False,0.0015866651092134958,1e+19,1.0016629791,True
MLM,127M_flops,run-mlm_130M_1024l_1e19flops_all0.07ep-tag-lm-loss-validation_valid_lm loss validation vs gigaflos (without embeddings).csv,127699968,130000000.0,1e+19,1.002938358e+19,2.30861234664917,2.311731195449829,0.0032187391975419437,0.03946209882621709,84,False,0.017850938004434252,1e+19,1.002938358,True
MLM,230M_flops,run-mlm_230M_1024l_1e19flops_all0.04ep-tag-lm-loss-validation_valid_lm loss validation vs gigaflos (without embeddings).csv,231211008,230000000.0,1e+19,1.001395222e+19,2.346802234649658,2.3473514556884765,0.004891862885172791,0.08370300342815092,46,False,0.005251439198337288,1e+19,1.001395222,True
MLM,300M_flops,run-mlm_300M_1024l_1e19flops_all0.03ep-tag-lm-loss-validation_valid_lm loss validation vs gigaflos (without embeddings).csv,302426080,300000000.0,1e+19,1.0011473905e+19,2.374008178710937,2.373132658004761,0.004906964417963413,0.0881458967354717,36,False,0.008054409316673224,1e+19,1.0011473905,True
MLM,25M_flops,run-mlm_25.1M_1024l_3e19flops_all1ep-tag-lm-loss-validation_valid_lm loss validation vs gigaflos (without embeddings).csv,25165824,25100000.0,3e+19,3.0114388479e+19,2.244920492172241,2.246107006072998,0.004611786024834797,0.0033248850153414556,1000,False,0.00261903744483947,3e+19,1.0038129492999999,True
MLM,34M_flops,run-mlm_25M_1024l_3e19flops_all0.75ep-tag-lm-loss-validation_valid_lm loss validation vs gigaflos (without embeddings).csv,33690624,25000000.0,3e+19,2.9859014926e+19,2.243083000183105,2.2441792488098145,0.004800468532914842,0.00420494036093177,941,False,0.29834375419529685,3e+19,0.9953004975333334,True
MLM,47M_flops,run-mlm_47M_1024l_3e19flops_all0.5ep-tag-lm-loss-validation_valid_lm loss validation vs gigaflos (without embeddings).csv,47775744,47000000.0,3e+19,3.0161768506e+19,2.223907947540283,2.215429449081421,0.008930624828966055,0.005347753795269448,668,False,0.0163704612934504,3e+19,1.0053922835333333,True
MLM,65M_flops,run-mlm_49M_1024l_3e19flops_all0.38ep-tag-lm-loss-validation_valid_lm loss validation vs gigaflos (without embeddings).csv,65728000,49000000.0,3e+19,2.9973952434e+19,2.2305450439453125,2.216402530670166,0.00922648451513103,0.007916003554167746,484,False,0.2937047161954664,3e+19,0.9991317477999999,True
MLM,106M_flops,run-mlm_106M_1024l_3e19flops_all0.24ep-tag-lm-loss-validation_valid_lm loss validation vs gigaflos (without embeddings).csv,106168320,106000000.0,3e+19,3.0050223874e+19,2.2259325981140137,2.2166308403015136,0.007604213176607689,0.011532125199900267,300,False,0.0015866651092134958,3e+19,1.0016741291333333,True
MLM,127M_flops,run-mlm_130M_1024l_3e19flops_all0.2ep-tag-lm-loss-validation_valid_lm loss validation vs gigaflos (without embeddings).csv,127699968,130000000.0,3e+19,3.0011884717e+19,2.2223501205444336,2.2156991004943847,0.006954055876065547,0.012946715165139441,250,False,0.017850938004434252,3e+19,1.0003961572333333,True
MLM,154M_flops,run-mlm_154M_1024l_3e19flops_all0.16ep-tag-lm-loss-validation_valid_lm loss validation vs gigaflos (without embeddings).csv,154448288,154000000.0,3e+19,3.0002405376e+19,2.2154061794281006,2.219302797317505,0.007177536101683978,0.019385740633491317,206,False,0.002906732396164563,3e+19,1.0000801792,True
MLM,230M_flops,run-mlm_230M_1024l_3e19flops_all0.1ep-tag-lm-loss-validation_valid_lm loss validation vs gigaflos (without embeddings).csv,231211008,230000000.0,3e+19,3.0001803765e+19,2.230540990829468,2.2249831676483156,0.0035761225523246337,0.024224476891214642,138,False,0.005251439198337288,3e+19,1.0000601255,True
MLM,300M_flops,run-mlm_300M_1024l_3e19flops_all0.08ep-tag-lm-loss-validation_valid_lm loss validation vs gigaflos (without embeddings).csv,302426080,300000000.0,3e+19,2.9926965735e+19,2.254923105239868,2.246550750732422,0.007990477575047153,0.03720885892209536,105,False,0.008054409316673224,3e+19,0.9975655244999999,True
MLM,393M_flops,run-mlm_393M_1024l_3e19flops_all0.06ep-tag-lm-loss-validation_valid_lm loss validation vs gigaflos (without embeddings).csv,393216000,393000000.0,3e+19,2.9988857231e+19,2.27979040145874,2.277739334106445,0.0026638051263150435,0.046360896692082425,81,False,0.0005494673357816,3e+19,0.9996285743666666,True
MLM,470M_flops,run-mlm_470M_1024l_3e19flops_all0.05ep-tag-lm-loss-validation_valid_lm loss validation vs gigaflos (without embeddings).csv,472435184,470000000.0,3e+19,3.0035127078e+19,2.2917637825012207,2.2917330741882322,0.0056610724385829595,0.0503041994154469,68,False,0.0051678661005296524,3e+19,1.0011709026,True
MLM,550M_flops,run-mlm_550M_1024l_3e19flops_all0.05ep-tag-lm-loss-validation_valid_lm loss validation vs gigaflos (without embeddings).csv,550502400,550000000.0,3e+19,2.5728264863e+19,2.31984281539917,2.3192537307739256,0.0061734598539422035,0.06455710821714268,58,False,0.0009130375997392325,3e+19,0.8576088287666667,False
MLM,106M_flops,run-mlm_106M_1024l_1e20flops_all0.78ep-tag-lm-loss-validation_valid_lm loss validation vs gigaflos (without embeddings).csv,106168320,106000000.0,1e+20,7.1750445491e+19,2.153855800628662,2.1633777141571047,0.007228418543443701,0.005594405599200784,715,False,0.0015866651092134958,1e+20,0.71750445491,False
MLM,127M_flops,run-mlm_130M_1024l_1e20flops_all0.65ep-tag-lm-loss-validation_valid_lm loss validation vs gigaflos (without embeddings).csv,127699968,130000000.0,1e+20,1.00294638604e+20,2.14614486694336,2.1354231357574465,0.009446340867087035,0.004650567113977356,833,False,0.017850938004434252,1e+20,1.00294638604,True
MLM,154M_flops,run-mlm_154M_1024l_1e20flops_all0.5ep-tag-lm-loss-validation_valid_lm loss validation vs gigaflos (without embeddings).csv,154448288,154000000.0,1e+20,1.00007856092e+20,2.145750045776367,2.144403171539307,0.005699026700812496,0.005306005545322697,687,False,0.002906732396164563,1e+20,1.00007856092,True
MLM,170M_flops,run-mlm_170M_1024l_1e20flops_all0.5ep-tag-lm-loss-validation_valid_lm loss validation vs gigaflos (without embeddings).csv,170233344,170000000.0,1e+20,9.9937091744e+19,2.1367456912994385,2.135099983215332,0.00541350100195847,0.0055106598399993646,623,False,0.0013716705943202176,1e+20,0.99937091744,True
MLM,230M_flops,run-mlm_230M_1024l_1e20flops_all0.36ep-tag-lm-loss-validation_valid_lm loss validation vs gigaflos (without embeddings).csv,231211008,230000000.0,1e+20,1.00146076316e+20,2.1300911903381348,2.1333452224731446,0.005857421044658253,0.007409885182705219,459,False,0.005251439198337288,1e+20,1.0014607631599999,True
MLM,300M_flops,run-mlm_300M_1024l_1e20flops_all0.25ep-tag-lm-loss-validation_valid_lm loss validation vs gigaflos (without embeddings).csv,302426080,300000000.0,1e+20,9.9937864607e+19,2.1429338455200195,2.1452427387237547,0.0037922368531499466,0.009458199329323978,351,False,0.008054409316673224,1e+20,0.99937864607,True
MLM,393M_flops,run-mlm_393M_1024l_1e20flops_all0.21ep-tag-lm-loss-validation_valid_lm loss validation vs gigaflos (without embeddings).csv,393216000,393000000.0,1e+20,1.00120912898e+20,2.149443864822388,2.1423186302185058,0.008706327414993068,0.013243313425945395,270,False,0.0005494673357816,1e+20,1.00120912898,True
MLM,470M_flops,run-mlm_470M_1024l_1e20flops_all0.18ep-tag-lm-loss-validation_valid_lm loss validation vs gigaflos (without embeddings).csv,472435184,470000000.0,1e+20,1.00026466393e+20,2.1333768367767334,2.1447597980499267,0.006637081934432616,0.01528316178833835,225,False,0.0051678661005296524,1e+20,1.00026466393,True
MLM,550M_flops,run-mlm_550M_1024l_1e20flops_all0.15ep-tag-lm-loss-validation_valid_lm loss validation vs gigaflos (without embeddings).csv,550502400,550000000.0,1e+20,1.00167524359e+20,2.1534953117370605,2.150217819213867,0.004258385295788043,0.01889534883797833,193,False,0.0009130375997392325,1e+20,1.00167524359,True
MLM,680M_flops,run-mlm_500M_1024l_1e20flops_all0.12ep-tag-lm-loss-validation_valid_lm loss validation vs gigaflos (without embeddings).csv,680205312,500000000.0,1e+20,9.9961190705e+19,2.185706853866577,2.182900619506836,0.0017805028724606332,0.024181468007254372,156,False,0.3077865835882132,1e+20,0.99961190705,True
MLM,880M_flops,run-mlm_880M_1024l_1e20flops_all0.09ep-tag-lm-loss-validation_valid_lm loss validation vs gigaflos (without embeddings).csv,886308864,880000000.0,1e+20,1.00032949932e+20,2.204306602478028,2.210154962539673,0.0056843956887857264,0.029505270783340518,120,False,0.007143587350375217,1e+20,1.00032949932,True
MLM,1.2B_flops,run-mlm_1b_1024l_1e20flops_all0.07ep-tag-lm-loss-validation_valid_lm loss validation vs gigaflos (without embeddings).csv,1208881136,1000000000.0,1e+20,1.00068287429e+20,2.279003620147705,2.275086784362793,0.0035390566723125854,0.08814589665340637,44,False,0.1896952508357182,1e+20,1.00068287429,True
MLM,1.5B_flops,run-mlm_1.5b_1024l_1e20flops_all0.05ep-tag-lm-loss-validation_valid_lm loss validation vs gigaflos (without embeddings).csv,1528823808,1500000000.0,1e+20,1.00036731229e+20,2.2766880989074707,2.2809727668762205,0.006802897519333696,0.10533910534199029,35,False,0.019033578712934075,1e+20,1.00036731229,True
MLM,230M_flops,run-mlm_230M_1024l_2e20flops_all0.75ep-tag-lm-loss-validation_valid_lm loss validation vs gigaflos (without embeddings).csv,231211008,230000000.0,2e+20,2.08349338827e+20,2.083373546600342,2.088799524307251,0.0056192002022004885,0.0038517731446526854,954,False,0.005251439198337288,,,False
MLM,230M_flops,run-mlm_230M_1024l_3e20flops_all1ep-tag-lm-loss-validation_valid_lm loss validation vs gigaflos (without embeddings).csv,231211008,230000000.0,3e+20,3.00023135299e+20,2.070000648498535,2.0620753288269045,0.011675960235252202,0.003852063291213436,1000,False,0.005251439198337288,3e+20,1.0000771176633334,True
MLM,300M_flops,run-mlm_300M_1024l_3e20flops_all0.75ep-tag-lm-loss-validation_valid_lm loss validation vs gigaflos (without embeddings).csv,302426080,300000000.0,3e+20,2.99271559232e+20,2.0606260299682617,2.0615149974822997,0.0024981479354424007,0.00289788759488378,1000,False,0.008054409316673224,3e+20,0.9975718641066665,True
MLM,393M_flops,run-mlm_393M_1024l_3e20flops_all0.64ep-tag-lm-loss-validation_valid_lm loss validation vs gigaflos (without embeddings).csv,393216000,393000000.0,3e+20,2.99892286408e+20,2.0518288612365723,2.057523584365845,0.005067490508581471,0.004264489148147339,808,False,0.0005494673357816,3e+20,0.9996409546933334,True
MLM,470M_flops,run-mlm_470M_1024l_3e20flops_all0.5ep-tag-lm-loss-validation_valid_lm loss validation vs gigaflos (without embeddings).csv,472435184,470000000.0,3e+20,3.00363155885e+20,2.0540900230407715,2.0557140827178957,0.006494179193544183,0.005826548881614818,674,False,0.0051678661005296524,3e+20,1.0012105196166667,True
MLM,550M_flops,run-mlm_550M_1024l_3e20flops_all0.45ep-tag-lm-loss-validation_valid_lm loss validation vs gigaflos (without embeddings).csv,550502400,550000000.0,3e+20,3.00174990331e+20,2.063246726989746,2.0552255630493166,0.009427326207791468,0.0056990420758024725,579,False,0.0009130375997392325,3e+20,1.0005833011033334,True
MLM,680M_flops,run-mlm_500M_1024l_3e20flops_all0.37ep-tag-lm-loss-validation_valid_lm loss validation vs gigaflos (without embeddings).csv,680205312,500000000.0,3e+20,2.99883572117e+20,2.0763275623321533,2.0755619525909426,0.008408973146220983,0.007061844638737911,468,False,0.3077865835882132,3e+20,0.9996119070566668,True
MLM,880M_flops,run-mlm_880M_1024l_3e20flops_all0.28ep_fix-tag-lm-loss-validation_valid_lm loss validation vs gigaflos (without embeddings).csv,886308864,880000000.0,3e+20,3.00098849799e+20,2.109191417694092,2.1074636459350584,0.007108915481423441,0.009983825089655559,359,False,0.007143587350375217,3e+20,1.00032949933,True
MLM,1.2B_flops,run-mlm_1b_1024l_3e20flops_all0.21ep-tag-lm-loss-validation_valid_lm loss validation vs gigaflos (without embeddings).csv,1208881136,1000000000.0,3e+20,3.00220070234e+20,2.118471384048462,2.119354772567749,0.002710886970561597,0.027404893369011755,132,False,0.1896952508357182,3e+20,1.0007335674466666,True
MLM,1.5B_flops,run-mlm_1.5b_1024l_3e20flops_all0.16ep-tag-lm-loss-validation_valid_lm loss validation vs gigaflos (without embeddings).csv,1528823808,1500000000.0,3e+20,3.00110193689e+20,2.1181540489196777,2.1172201156616213,0.006379889323984364,0.03799903799941472,104,False,0.019033578712934075,3e+20,1.0003673122966668,True
MLM,1.7B_flops,run-mlm_1.7b_1024l_3e20flops_all0.14ep-tag-lm-loss-validation_valid_lm loss validation vs gigaflos (without embeddings).csv,1784851968,1700000000.0,3e+20,2.99795695592e+20,2.155925035476685,2.162393569946289,0.005131809836639689,0.03378024118058835,90,False,0.048707229638021765,3e+20,0.9993189853066666,True
MLM,2.4B_flops,run-mlm_2.4b_1024l_3e20flops_all0.1ep-tag-lm-loss-validation_valid_lm loss validation vs gigaflos (without embeddings).csv,2359296000,2400000000.0,3e+20,3.00210283463e+20,2.156769275665283,2.1589776515960692,0.004433102460983595,0.05030419943579737,68,False,0.017105467902939063,3e+20,1.0007009448766666,True
MLM,2.8B_flops,run-mlm_3b_1024l_3e20flops_all0.09ep-tag-lm-loss-validation_valid_lm loss validation vs gigaflos (without embeddings).csv,2834283904,3000000000.0,3e+20,2.99253867564e+20,2.1742684841156006,2.179942989349365,0.0073457561742872775,0.0705433746432207,56,False,0.05682297457657763,3e+20,0.99751289188,True
MLM,880M_flops,run-mlm_880M_1024l_6e20flops_all0.5ep-tag-lm-loss-validation_valid_lm loss validation vs gigaflos (without embeddings).csv,886308864,880000000.0,6e+20,5.85300718376e+20,2.0161290168762207,2.032646322250366,0.010796435154503072,0.004804392587800616,700,False,0.007143587350375217,,,False
MLM,880M_flops,run-mlm_880M_1024l_1e21flops_all0.28ep-tag-lm-loss-validation_valid_lm loss validation vs gigaflos (without embeddings).csv,886308864,880000000.0,1e+21,1.000332289018e+21,1.979753017425537,1.989599871635437,0.0074562317529053655,0.003572414600860412,1000,False,0.007143587350375217,1e+21,1.000332289018,True
MLM,1.2B_flops,run-mlm_1b_1024l_1e21flops_all0.69ep-tag-lm-loss-validation_valid_lm loss validation vs gigaflos (without embeddings).csv,1208881136,1000000000.0,1e+21,1.00073610211e+21,1.9749616384506223,1.9755420207977292,0.006194683560147939,0.008411406687789067,439,False,0.1896952508357182,1e+21,1.00073610211,True
MLM,1.5B_flops,run-mlm_1.5b_1024l_1e21flops_all0.5ep-tag-lm-loss-validation_valid_lm loss validation vs gigaflos (without embeddings).csv,1528823808,1500000000.0,1e+21,1.000367312297e+21,1.9890403747558596,1.9882847070693974,0.004902563713286085,0.010101010100777847,347,False,0.019033578712934075,1e+21,1.000367312297,True
MLM,1.7B_flops,run-mlm_1.7b_1024l_1e21flops_all0.5ep-tag-lm-loss-validation_valid_lm loss validation vs gigaflos (without embeddings).csv,1784851968,1700000000.0,1e+21,8.57197860589e+20,2.008419752120972,2.000039982795715,0.006282221381959078,0.013168973763237718,297,False,0.048707229638021765,1e+21,0.857197860589,False
MLM,2.4B_flops,run-mlm_2.4b_1024l_1e21flops_all0.35ep-tag-lm-loss-validation_valid_lm loss validation vs gigaflos (without embeddings).csv,2359296000,2400000000.0,1e+21,9.99795131587e+20,2.0064284801483154,2.002780246734619,0.005003415478704685,0.015283161787100968,225,False,0.017105467902939063,1e+21,0.9997951315870001,True
MLM,2.8B_flops,run-mlm_3b_1024l_1e21flops_all0.3ep-tag-lm-loss-validation_valid_lm loss validation vs gigaflos (without embeddings).csv,2834283904,3000000000.0,1e+21,9.99818867825e+20,2.026927947998047,2.021227312088013,0.006728176480906356,0.020971538626404596,187,False,0.05682297457657763,1e+21,0.9998188678250001,True
MLM,3.4B_flops,run-mlm_3.4b_1024l_1e21flops_all0.25ep-tag-lm-loss-validation_valid_lm loss validation vs gigaflos (without embeddings).csv,3425697792,3400000000.0,1e+21,1.001365243934e+21,2.041014671325684,2.0408459663391114,0.00589928786358774,0.02461081325449356,154,False,0.007529754231449573,1e+21,1.001365243934,True
MLM,4B_flops,run-mlm_4b_1024l_1e21flops_all0.2ep-tag-lm-loss-validation_valid_lm loss validation vs gigaflos (without embeddings).csv,4076863488,4000000000.0,1e+21,1.000845631133e+21,2.057302713394165,2.059921216964722,0.005732358291006217,0.02320215356958898,131,False,0.019033578712934075,1e+21,1.000845631133,True
MLM,5B_flops,run-mlm_5b_1024l_1e21flops_all0.17ep-tag-lm-loss-validation_valid_lm loss validation vs gigaflos (without embeddings).csv,4917322640,5000000000.0,1e+21,1.003021591331e+21,2.103798151016236,2.1111666202545165,0.005373637210433583,0.028497409326024573,109,False,0.01667370891072705,1e+21,1.003021591331,True
MLM,7B_flops,run-mlm_7b_1024l_1e21flops_all0.11ep_lr1.2-tag-lm-loss-validation_valid_lm loss validation vs gigaflos (without embeddings).csv,7247758312,7000000000.0,1e+21,1.000419374676e+21,2.148233413696289,2.148212432861328,0.004044637813471331,0.04258229233194995,74,False,0.03478207365477842,1e+21,1.000419374676,True
MLM,85M_flops,run-mlm_85M_all1ep_noreg_tk200b_cl1024_bsz0.5m_scratch-tag-lm-loss-validation_valid_lm loss validation vs gigaflos (without embeddings).csv,84934656,85000000.0,,1.3166003417e+19,2.281765937805176,2.2808321475982667,0.004632843233348081,0.024390243935784213,139,False,0.0007690485832456438,,,False
MLM,85M_flops,run-mlm_85M_all0.75ep_noreg_tk150b_cl1024_bsz0.5m_scratch-tag-lm-loss-validation_valid_lm loss validation vs gigaflos (without embeddings).csv,84934656,85000000.0,,7.6561380278e+19,2.164946794509888,2.158428955078125,0.005284017604142364,0.0038517731515446377,954,False,0.0007690485832456438,,,False
MLM,154M_flops,run-mlm_154M_all1ep-tag-lm-loss-validation_valid_lm loss validation vs gigaflos (without embeddings).csv,154448288,154000000.0,,1.85199967258e+20,2.1064510345458984,2.110846757888794,0.0036346840678538714,0.0043751916914284,1000,False,0.002906732396164563,,,False
MLM,170M_flops,run-mlm_170M_all0.25ep_noreg_tk200b_cl1024_bsz0.5m_scratch-tag-lm-loss-validation_valid_lm loss validation vs gigaflos (without embeddings).csv,170233344,170000000.0,,5.1040280986e+19,2.1687171459198,2.1716590881347657,0.010302236285964102,0.012236937296080209,318,False,0.0013716705943202176,,,False
MLM,1.2B_flops,run-mlm_1b_all1ep_noreg_tk200b_cl1024_bsz1m_scratch-tag-lm-loss-validation_valid_lm loss validation vs gigaflos (without embeddings).csv,1208881136,1000000000.0,,1.198522368e+21,1.934175,1.9328092000000001,0.00463472687436917,0.006299212598425197,635,True,0.1896952508357182,,,False
MLM,1.2B_flops,run-mlm_1b_all0.75ep_noreg_tk200b_cl1024_bsz1m_scratch-tag-lm-loss-validation_valid_lm loss validation vs gigaflos (without embeddings).csv,1208881136,1000000000.0,,1.087755971514e+21,1.9651793241500852,1.9646533012390137,0.001398841110913089,0.008046081467903277,477,False,0.1896952508357182,1e+21,1.087755971514,True
MLM,2.8B_flops,run-mlm_3b_all1ep_noreg_tk200b_cl1024_bsz1m_scratch-tag-lm-loss-validation_valid_lm loss validation vs gigaflos (without embeddings).csv,2834283904,3000000000.0,,3.400732076738e+21,1.877838373184204,1.874592399597168,0.002186273926145365,0.005945452829496044,636,False,0.05682297457657763,,,False
