objective,directory,run_file,N_params_no_embed,C_final_flops,D_final_tokens_C_over_6N,epoch_label,batch_label,L_final,L_min,n_logged_points,tensorboard_capped_1000,in_released_notebook_fit,content_sha256_12,identical_content_as,known_issue
CLM,1.2B_flops,run-gpt_1b_1024_lr3.0_noreg_all0.25ep_bf16-tag-lm-loss-validation_valid_lm loss validation vs gigaflos (without embeddings).csv,1208881136.0,3.62580254521e+20,49988407148.21665,0.25,,2.302921772003174,2.279895067214966,159,False,True,3f5f79f5e7b9,,
CLM,1.2B_flops,run-gpt_1b_1024_lr3.0_noreg_all0.5ep_bf16-tag-lm-loss-validation_valid_lm loss validation vs gigaflos (without embeddings).csv,1208881136.0,7.25168113017e+20,99977862645.29816,0.5,,2.2393641471862797,2.225668668746948,318,False,True,fed5164e53c4,,
CLM,1.2B_flops,run-gpt_1b_1024_lr3.0_noreg_all0.75ep_bf16-tag-lm-loss-validation_valid_lm loss validation vs gigaflos (without embeddings).csv,1208881136.0,1.087755971514e+21,149967318142.51752,0.75,,2.2072229385375977,2.1903018951416016,477,False,True,d7417cb4fb16,,
CLM,1.2B_flops,run-gpt_1b_1024_lr3.0_noreg_all1ep_bf16-tag-lm-loss-validation_valid_lm loss validation vs gigaflos (without embeddings).csv,1208881136.0,1.450336226038e+21,199955725291.1478,1.0,,2.181856870651245,2.1760220527648926,636,False,True,d3281553f0c8,,
CLM,1.2B_flops,run-gpt_1b_1024_lr3.0_noreg_ur50_bf16-tag-lm-loss-validation_valid_lm loss validation vs gigaflos (without embeddings).csv,1208881136.0,1.450336226038e+21,199955725291.1478,,,2.272873878479004,2.251505136489868,636,False,True,f3117c081e71,,
CLM,1.2B_flops,run-gpt_1b_1024_noreg_all1ep_bf16-tag-lm-loss-validation_valid_lm loss validation vs gigaflos (without embeddings).csv,1208881136.0,8.4404102619e+19,11636669658.893576,1.0,,2.4550352096557617,2.4550352096557617,37,False,True,5aebe44aec1d,,
CLM,1.2B_flops,run-gpt_1b_1024l_1e20flops_all0.07ep-tag-lm-loss-validation_valid_lm loss validation vs gigaflos (without embeddings).csv,1208881136.0,1.00068287429e+20,13796267811.753937,0.07,,2.447370767593384,2.439171552658081,44,False,True,d0f409110d1b,,
CLM,1.2B_flops,run-gpt_1b_1024l_3e20flops_all0.21ep-tag-lm-loss-validation_valid_lm loss validation vs gigaflos (without embeddings).csv,1208881136.0,3.00220070234e+20,41390900132.57791,0.21,,2.305758476257324,2.305758476257324,132,False,True,8ac7fb29bed7,,
CLM,1.2B_flops,run-tensorboard_gpt_1b_1024l_1e20flops_all0.07ep-tag-lm-loss-validation_valid_lm loss validation vs gigaflos (without embeddings).csv,1208881136.0,1.00068287429e+20,13796267811.753937,0.07,,2.447370767593384,2.439171552658081,44,False,True,d0f409110d1b,1.2B_flops/run-gpt_1b_1024l_1e20flops_all0.07ep-tag-lm-loss-validation_valid_lm loss validation vs gigaflos (without embeddings).csv,
CLM,1.5B_flops,run-gpt_1.5b_1024l_1e20flops_all0.05ep-tag-lm-loss-validation_valid_lm loss validation vs gigaflos (without embeddings).csv,1528823808.0,1.00036731229e+20,10905631146.585773,0.05,,2.428196430206299,2.4273698329925537,35,False,True,4d119f2b3782,,
CLM,1.5B_flops,run-gpt_1.5b_1024l_1e21flops_all0.5ep-tag-lm-loss-validation_valid_lm loss validation vs gigaflos (without embeddings).csv,1528823808.0,1.000367312297e+21,109056311466.62083,0.5,,2.214428186416626,2.19406795501709,347,False,True,1a252b6a326a,,
CLM,1.5B_flops,run-gpt_1.5b_1024l_3e20flops_all0.16ep-tag-lm-loss-validation_valid_lm loss validation vs gigaflos (without embeddings).csv,1528823808.0,3.00110193689e+20,32716893439.975353,0.16,,2.324634075164795,2.313063144683838,104,False,True,a144dd70fbf2,,
CLM,1.7B_flops,run-gpt_1.7b_1024_noreg_all0.5ep_bf16-tag-lm-loss-validation_valid_lm loss validation vs gigaflos (without embeddings).csv,1784851968.0,1.070729387369e+21,99983024415.63228,0.5,,2.203841209411621,2.1907432079315186,318,False,True,caadfb005ca7,,
CLM,1.7B_flops,run-gpt_1.7b_1024l_3e20flops_all0.14ep-tag-lm-loss-validation_valid_lm loss validation vs gigaflos (without embeddings).csv,1784851968.0,2.99795695592e+20,27994450050.287495,0.14,,2.324178457260132,2.318321228027344,90,False,True,a5fb41f822c0,,
CLM,106M_flops,run-tensorboard_gpt_106M_1024l_1e18flops_all0.01ep-tag-lm-loss-validation_valid_lm loss validation vs gigaflos (without embeddings).csv,106168320.0,1.001495728e+18,1572182310.7558513,0.01,,2.8796300888061523,2.8779220581054688,10,False,True,fe9eb37a9593,,
CLM,106M_flops,run-tensorboard_gpt_106M_1024l_1e19flops_all0.08ep-tag-lm-loss-validation_valid_lm loss validation vs gigaflos (without embeddings).csv,106168320.0,1.0016629791e+19,15724448672.636057,0.08,,2.5026392936706543,2.4999542236328125,100,False,True,9267c0f0f8f6,,
CLM,106M_flops,run-tensorboard_gpt_106M_1024l_1e20flops_all0.78ep-tag-lm-loss-validation_valid_lm loss validation vs gigaflos (without embeddings).csv,106168320.0,1.00167301415e+20,157246062062.89536,0.78,,2.4198288917541504,2.3910257816314697,999,False,True,bceb0c6e7b07,,
CLM,106M_flops,run-tensorboard_gpt_106M_1024l_3e18flops_all0.02ep-tag-lm-loss-validation_valid_lm loss validation vs gigaflos (without embeddings).csv,106168320.0,3.004821686e+18,4717072044.969095,0.02,,2.6152045726776123,2.607640027999878,30,False,True,40c12e96f700,,
CLM,106M_flops,run-tensorboard_gpt_106M_1024l_3e19flops_all0.24ep-tag-lm-loss-validation_valid_lm loss validation vs gigaflos (without embeddings).csv,106168320.0,3.0050223874e+19,47173871129.03987,0.24,,2.460880756378174,2.4357781410217285,300,False,True,478d678e4153,,
CLM,127M_flops,run-gpt_127M_bsz0.5M_lr5.0_1024_noreg_all0.75ep_bf16-tag-lm-loss-validation_valid_lm loss validation vs gigaflos (without embeddings).csv,127699968.0,1.32117857607e+20,172432642539.89478,0.75,0.5M,2.375488519668579,2.357254981994629,823,False,True,0de90882e017,,
CLM,127M_flops,run-gpt_127M_bsz0.5M_lr5.0_1024_noreg_all1ep_bf16-tag-lm-loss-validation_valid_lm loss validation vs gigaflos (without embeddings).csv,127699968.0,2.0412663841e+20,266414369044.06012,1.0,0.5M,2.355443239212036,2.341409683227539,1000,True,True,c0a0358b035b,,TensorBoard export capped at 1000 points; row index is not the evaluation index
CLM,127M_flops,run-gpt_130M_1024l_1e19flops_all0.07ep-tag-lm-loss-validation_valid_lm loss validation vs gigaflos (without embeddings).csv,127699968.0,1.002938358e+19,13089775637.218641,0.07,,2.51560115814209,2.50635290145874,84,False,True,60ce6514e23e,,
CLM,127M_flops,run-gpt_130M_1024l_1e20flops_all0.65ep-tag-lm-loss-validation_valid_lm loss validation vs gigaflos (without embeddings).csv,127699968.0,1.00294638604e+20,130898804145.87627,0.65,,2.396822452545166,2.378191471099853,833,False,True,35d86b0f4289,,
CLM,127M_flops,run-gpt_130M_1024l_3e18flops_all0.02ep-tag-lm-loss-validation_valid_lm loss validation vs gigaflos (without embeddings).csv,127699968.0,3.000867351e+18,3916559779.4041734,0.02,,2.6283209323883057,2.609921932220459,25,False,True,b2fc2ac95237,,
CLM,127M_flops,run-gpt_130M_1024l_3e19flops_all0.2ep-tag-lm-loss-validation_valid_lm loss validation vs gigaflos (without embeddings).csv,127699968.0,3.0011884717e+19,39169788877.0549,0.2,,2.451277732849121,2.433905124664306,250,False,True,089e712e943f,,
CLM,127M_flops,run-gpt_130M_1024l_6e18flops_all0.04ep-tag-lm-loss-validation_valid_lm loss validation vs gigaflos (without embeddings).csv,127699968.0,5.9945095e+18,7823689639.974433,0.04,,2.551531314849853,2.5390524864196777,50,False,True,4c092c0d1a94,,
CLM,127M_flops,run-gpt_130M_bsz0.5M_lr5.0_1024_noreg_all0.25ep_bf16-tag-lm-loss-validation_valid_lm loss validation vs gigaflos (without embeddings).csv,127699968.0,3.8280325939e+19,49961283648.61193,0.25,0.5M,2.4324233531951904,2.414007663726806,318,False,True,077f8f8bf8a1,,
CLM,127M_flops,run-gpt_130M_bsz0.5M_lr5.0_1024_noreg_all0.5ep_bf16-tag-lm-loss-validation_valid_lm loss validation vs gigaflos (without embeddings).csv,127699968.0,7.6560651878e+19,99922567297.22386,0.5,0.5M,2.4085500240325928,2.388885498046875,636,False,True,ff1d8100e26e,,
CLM,127M_flops,run-gpt_130M_bsz0.5M_lr5.0_1024_noreg_all0.75ep_bf16-tag-lm-loss-validation_valid_lm loss validation vs gigaflos (without embeddings).csv,127699968.0,1.14841379217e+20,149884374830.07043,0.75,0.5M,2.390653133392334,2.3723549842834477,954,False,True,ce84f62d4b9f,,
CLM,127M_flops,run-gpt_130M_bsz0.5M_lr5.0_1024_noreg_all1ep_bf16-tag-lm-loss-validation_valid_lm loss validation vs gigaflos (without embeddings).csv,127699968.0,1.53121705156e+20,199845658478.68234,1.0,0.5M,2.3798515796661377,2.3679378032684326,1000,True,True,150643d79e93,,TensorBoard export capped at 1000 points; row index is not the evaluation index
CLM,13M_flops,run-gpt_10M_1024l_1e18flops_all0.06ep-tag-lm-loss-validation_valid_lm loss validation vs gigaflos (without embeddings).csv,13192320.0,9.94218292e+17,12560569230.178366,0.06,,2.62051773071289,2.611557722091675,81,False,True,baa3849a7591,,
CLM,13M_flops,run-gpt_10M_1024l_1e19flops_all0.63ep-tag-lm-loss-validation_valid_lm loss validation vs gigaflos (without embeddings).csv,13192320.0,9.942389779e+18,125608305678.35428,0.63,,2.5622239112854004,2.5514636039733887,802,False,True,8c2e628cd4c6,,
CLM,13M_flops,run-gpt_10M_1024l_3e18flops_all0.19ep-tag-lm-loss-validation_valid_lm loss validation vs gigaflos (without embeddings).csv,13192320.0,2.990598033e+18,37782058462.8026,0.19,,2.582329750061035,2.577392101287842,241,False,True,db9d01786bd9,,
CLM,13M_flops,run-gpt_10M_1024l_6e18flops_all0.38ep-tag-lm-loss-validation_valid_lm loss validation vs gigaflos (without embeddings).csv,13192320.0,5.981237437e+18,75564639590.81242,0.38,,2.570434093475342,2.5615243911743164,482,False,True,a653f8b39336,,
CLM,13M_flops,run-gpt_10M_bsz0.5M_lr10_1024_noreg_all0.25ep_bf16-tag-lm-loss-validation_valid_lm loss validation vs gigaflos (without embeddings).csv,13192320.0,3.945390142e+18,49844532551.262146,0.25,0.5M,2.580852508544922,2.567735433578491,318,False,True,7a93a4969797,,
CLM,13M_flops,run-gpt_10M_bsz0.5M_lr10_1024_noreg_all0.75ep_bf16-tag-lm-loss-validation_valid_lm loss validation vs gigaflos (without embeddings).csv,13192320.0,1.1836211798e+19,149534120331.6273,0.75,0.5M,2.5575451850891118,2.546360969543457,954,False,True,5d036796d57d,,
CLM,13M_flops,run-gpt_10M_bsz0.5M_lr10_1024_noreg_all1ep_bf16-tag-lm-loss-validation_valid_lm loss validation vs gigaflos (without embeddings).csv,13192320.0,1.5781601941e+19,199378652895.52304,1.0,0.5M,2.554716110229492,2.5427846908569336,1000,True,True,6441d4b8bd55,,TensorBoard export capped at 1000 points; row index is not the evaluation index
CLM,154M_flops,run-gpt_154M_1024l_1e19flops_all0.05ep-tag-lm-loss-validation_valid_lm loss validation vs gigaflos (without embeddings).csv,154448288.0,1.0000639961e+19,10791788943.839464,0.05,,2.5101983547210693,2.503298759460449,69,False,True,e325e2d74f63,,
CLM,154M_flops,run-gpt_154M_1024l_1e20flops_all0.5ep-tag-lm-loss-validation_valid_lm loss validation vs gigaflos (without embeddings).csv,154448288.0,9.3155628682e+19,100525155148.8008,0.5,,2.379307746887207,2.370654821395874,640,False,True,b2dd4ea692a0,,
CLM,154M_flops,run-gpt_154M_1024l_3e18flops_all0.02ep-tag-lm-loss-validation_valid_lm loss validation vs gigaflos (without embeddings).csv,154448288.0,2.999852144e+18,3237169953.825149,0.02,,2.637833595275879,2.6363980770111084,21,False,True,6bdf0538cc50,,
CLM,154M_flops,run-gpt_154M_1024l_3e19flops_all0.16ep-tag-lm-loss-validation_valid_lm loss validation vs gigaflos (without embeddings).csv,154448288.0,3.0002405376e+19,32375890731.789787,0.16,,2.4329259395599365,2.426196813583374,206,False,True,f8e9f59c881d,,
CLM,154M_flops,run-gpt_154M_1024l_6e18flops_all0.03ep-tag-lm-loss-validation_valid_lm loss validation vs gigaflos (without embeddings).csv,154448288.0,6.018638458e+18,6494771956.72552,0.03,,2.5799384117126465,2.563843250274658,42,False,True,5f34c11842f3,,
CLM,170M_flops,run-gpt_170M_1024l_1e19flops_all0.05ep-tag-lm-loss-validation_valid_lm loss validation vs gigaflos (without embeddings).csv,170233344.0,1.0003931466e+19,9794332131.547623,0.05,,2.519173622131348,2.5098001956939697,63,False,True,e390b354667a,,
CLM,170M_flops,run-gpt_170M_1024l_3e19flops_all0.15ep-tag-lm-loss-validation_valid_lm loss validation vs gigaflos (without embeddings).csv,170233344.0,3.00117944e+19,29382996396.60097,0.15,,2.436018228530884,2.427443504333496,187,False,True,89790f056f70,,
CLM,170M_flops,run-gpt_170M_1024l_6e18flops_all0.03ep-tag-lm-loss-validation_valid_lm loss validation vs gigaflos (without embeddings).csv,170233344.0,5.992083067e+18,5866538762.033993,0.03,,2.55914044380188,2.555121898651123,38,False,True,cce9153a67da,,
CLM,170M_flops,run-gpt_170M_bsz0.5M_lr5.0_1024_noreg_all0.25ep_bf16-tag-lm-loss-validation_valid_lm loss validation vs gigaflos (without embeddings).csv,170233344.0,5.1040280986e+19,49970900516.80279,0.25,0.5M,2.4063384532928467,2.387463092803955,318,False,True,8d638b572257,,
CLM,170M_flops,run-gpt_170M_bsz0.5M_lr5.0_1024_noreg_all0.5ep_bf16-tag-lm-loss-validation_valid_lm loss validation vs gigaflos (without embeddings).csv,170233344.0,1.02080561973e+20,99941801034.58463,0.5,0.5M,2.382333755493164,2.3628971576690674,636,False,True,32274896a5b5,,
CLM,170M_flops,run-gpt_170M_bsz0.5M_lr5.0_1024_noreg_all0.75ep_bf16-tag-lm-loss-validation_valid_lm loss validation vs gigaflos (without embeddings).csv,170233344.0,1.53121378158e+20,149913225537.0605,0.75,0.5M,2.3637583255767822,2.3439011573791504,954,False,True,d4f5a4acd3e1,,
CLM,170M_flops,run-gpt_170M_bsz0.5M_lr5.0_1024_noreg_all1ep_bf16-tag-lm-loss-validation_valid_lm loss validation vs gigaflos (without embeddings).csv,170233344.0,2.04161659145e+20,199884126054.84232,1.0,0.5M,2.3505280017852783,2.337078332901001,1000,True,True,e3d3e523e054,,TensorBoard export capped at 1000 points; row index is not the evaluation index
CLM,170M_flops,run-tensorboard_gpt_170M_1024l_1e19flops_all0.05ep-tag-lm-loss-validation_valid_lm loss validation vs gigaflos (without embeddings).csv,170233344.0,1.0003931466e+19,9794332131.547623,0.05,,2.519173622131348,2.5098001956939697,63,False,True,e390b354667a,170M_flops/run-gpt_170M_1024l_1e19flops_all0.05ep-tag-lm-loss-validation_valid_lm loss validation vs gigaflos (without embeddings).csv,
CLM,170M_flops,run-tensorboard_gpt_170M_1024l_3e19flops_all0.15ep-tag-lm-loss-validation_valid_lm loss validation vs gigaflos (without embeddings).csv,170233344.0,3.00117944e+19,29382996396.60097,0.15,,2.436018228530884,2.427443504333496,187,False,True,89790f056f70,170M_flops/run-gpt_170M_1024l_3e19flops_all0.15ep-tag-lm-loss-validation_valid_lm loss validation vs gigaflos (without embeddings).csv,
CLM,170M_flops,run-tensorboard_gpt_170M_bsz0.5M_lr5.0_1024_noreg_all1ep_bf16-tag-lm-loss-validation_valid_lm loss validation vs gigaflos (without embeddings).csv,170233344.0,2.04161659145e+20,199884126054.84232,1.0,0.5M,2.3505280017852783,2.337078332901001,1000,True,True,e3d3e523e054,170M_flops/run-gpt_170M_bsz0.5M_lr5.0_1024_noreg_all1ep_bf16-tag-lm-loss-validation_valid_lm loss validation vs gigaflos (without embeddings).csv,TensorBoard export capped at 1000 points; row index is not the evaluation index
CLM,2.4B_flops,run-gpt_2.4b_1024l_1e21flops_all0.35ep-tag-lm-loss-validation_valid_lm loss validation vs gigaflos (without embeddings).csv,2359296000.0,9.99795131587e+20,70628069530.55771,0.35,,2.210998296737671,2.1960983276367188,225,False,True,6221e97d8db3,,
CLM,2.4B_flops,run-gpt_2.4b_1024l_3e20flops_all0.1ep_wu10-tag-lm-loss-validation_valid_lm loss validation vs gigaflos (without embeddings).csv,2359296000.0,3.00210283463e+20,21207617545.16319,0.1,,2.32844352722168,2.323060274124145,68,False,True,54724ef216fd,,
CLM,2.8B_flops,run-gpt_3b_1024_noreg_all0.25ep_bf16-tag-lm-loss-validation_valid_lm loss validation vs gigaflos (without embeddings).csv,2834283904.0,8.50174104331e+20,49993468845.93769,0.25,,2.243400812149048,2.2174768447875977,159,False,True,531aa3d1c314,,
CLM,2.8B_flops,run-gpt_3b_1024_noreg_all0.5ep_bf16-tag-lm-loss-validation_valid_lm loss validation vs gigaflos (without embeddings).csv,2834283904.0,1.700366038372e+21,99987986146.5941,0.5,,2.1703989505767822,2.156619071960449,318,False,True,c71858e0303d,,
CLM,2.8B_flops,run-gpt_3b_1024_noreg_all0.75ep_bf16-tag-lm-loss-validation_valid_lm loss validation vs gigaflos (without embeddings).csv,2834283904.0,2.55055797241e+21,149982503447.07413,0.75,,2.133838176727295,2.117391347885132,477,False,True,8608442a53a3,,
CLM,2.8B_flops,run-gpt_3b_1024_noreg_all1ep_bf16-tag-lm-loss-validation_valid_lm loss validation vs gigaflos (without embeddings).csv,2834283904.0,3.400732076738e+21,199975972292.8354,1.0,,2.105414628982544,2.096923351287842,636,False,True,7c06d5bdb88d,,
CLM,2.8B_flops,run-gpt_3b_1024l_1e21flops_all0.3ep-tag-lm-loss-validation_valid_lm loss validation vs gigaflos (without embeddings).csv,2834283904.0,9.99818867825e+20,58793149739.04369,0.3,,2.221229553222656,2.2008657455444336,187,False,True,e963851fd135,,
CLM,2.8B_flops,run-gpt_3b_1024l_3e20flops_all0.09ep_wu10-tag-lm-loss-validation_valid_lm loss validation vs gigaflos (without embeddings).csv,2834283904.0,2.99253867564e+20,17597264876.53934,0.09,,2.338700771331787,2.338700771331787,56,False,True,3bc87d1e98df,,
CLM,230M_flops,run-tensorboard_gpt_230M_1024l_1e19flops_all0.04ep-tag-lm-loss-validation_valid_lm loss validation vs gigaflos (without embeddings).csv,231211008.0,1.0000115765e+19,7208506096.878109,0.04,,2.5387156009674072,2.524963855743408,46,False,True,f62a29df3546,,
CLM,230M_flops,run-tensorboard_gpt_230M_1024l_1e20flops_all0.36ep-tag-lm-loss-validation_valid_lm loss validation vs gigaflos (without embeddings).csv,231211008.0,1.00146076316e+20,72189524468.20064,0.36,,2.3648276329040527,2.351322650909424,459,False,True,65eda998688c,,
CLM,230M_flops,run-tensorboard_gpt_230M_1024l_3e19flops_all0.1ep-tag-lm-loss-validation_valid_lm loss validation vs gigaflos (without embeddings).csv,231211008.0,3.0001803765e+19,21626568175.767826,0.1,,2.4435629844665527,2.420007705688477,138,False,True,171a17eb47a4,,
CLM,25M_flops,run-tensorboard_gpt_25.1M_1024l_1e18flops_all0.03ep-tag-lm-loss-validation_valid_lm loss validation vs gigaflos (without embeddings).csv,25165824.0,1.001744824e+18,6634293821.122911,0.03,,2.6409289836883545,2.6283633708953857,43,False,True,357c567e5a7b,,
CLM,25M_flops,run-tensorboard_gpt_25.1M_1024l_1e19flops_all0.3ep-tag-lm-loss-validation_valid_lm loss validation vs gigaflos (without embeddings).csv,25165824.0,1.001792428e+19,66346090899.57343,0.3,,2.5553886890411377,2.53695011138916,421,False,True,d70f61f0c4a3,,
CLM,25M_flops,run-tensorboard_gpt_25.1M_1024l_3e18flops_all0.1ep-tag-lm-loss-validation_valid_lm loss validation vs gigaflos (without embeddings).csv,25165824.0,3.011422979e+18,19943866325.74929,0.1,,2.596891403198242,2.577176570892334,127,False,True,c9893dc54338,,
CLM,25M_flops,run-tensorboard_gpt_25.1M_1024l_3e19flops_all1ep-tag-lm-loss-validation_valid_lm loss validation vs gigaflos (without embeddings).csv,25165824.0,3.0114388479e+19,199439714213.2123,1.0,,2.523061752319336,2.510232925415039,1000,True,True,798d031e4d92,,TensorBoard export capped at 1000 points; row index is not the evaluation index
CLM,3.4B_flops,run-gpt_3.4b_1024l_1e21flops_all0.25ep-tag-lm-loss-validation_valid_lm loss validation vs gigaflos (without embeddings).csv,3425697792.0,1.001365243934e+21,48718310094.9768,0.25,,2.231316089630127,2.210124492645264,155,False,True,bd6aeb540183,,
CLM,300M_flops,run-gpt_300M_1024l_1e19flops_all0.03ep-tag-lm-loss-validation_valid_lm loss validation vs gigaflos (without embeddings).csv,302426080.0,1.0011473905e+19,5517311814.399957,0.03,,2.56384825706482,2.5522267818450928,36,False,True,37e17acbc9f7,,
CLM,300M_flops,run-gpt_300M_1024l_3e19flops_all0.08ep-tag-lm-loss-validation_valid_lm loss validation vs gigaflos (without embeddings).csv,302426080.0,2.9926965735e+19,16492716575.567822,0.08,,2.445687770843506,2.432298421859741,105,False,True,fdbb56852db7,,
CLM,300M_flops,run-gpt_300M_bsz0.5M_lr4.0_1024_noreg_all0.5ep_bf16-tag-lm-loss-validation_valid_lm loss validation vs gigaflos (without embeddings).csv,302426080.0,1.81376183872e+20,99956207409.97823,0.5,0.5M,2.340188980102539,2.323408603668213,636,False,True,f5c0827cc241,,
CLM,300M_flops,run-gpt_300M_bsz0.5M_lr4.0_1024_noreg_all0.75ep_bf16-tag-lm-loss-validation_valid_lm loss validation vs gigaflos (without embeddings).csv,302426080.0,2.72065226745e+20,149934835175.26,0.75,0.5M,2.317336082458496,2.2976598739624023,954,False,True,2ec8dcbe8f22,,
CLM,34M_flops,run-gpt_25M_1024l_3e18flops_all0.07ep-tag-lm-loss-validation_valid_lm loss validation vs gigaflos (without embeddings).csv,33690624.0,2.985827449e+18,14770813035.895882,0.07,,2.582382917404175,2.5765161514282227,95,False,True,317e555a174a,,
CLM,34M_flops,run-gpt_25M_1024l_3e19flops_all0.75ep-tag-lm-loss-validation_valid_lm loss validation vs gigaflos (without embeddings).csv,33690624.0,2.9859014926e+19,147711793277.16418,0.75,,2.5070197582244877,2.4867117404937744,941,False,True,8e9c2808657a,,
CLM,34M_flops,run-gpt_25M_1024l_6e18flops_all0.15ep-tag-lm-loss-validation_valid_lm loss validation vs gigaflos (without embeddings).csv,33690624.0,5.991963772e+18,29642093558.928047,0.15,,2.549822807312012,2.546783924102783,189,False,True,4cc9915aad67,,
CLM,34M_flops,run-gpt_25M_bsz0.5M_lr6.0_1024_noreg_all0.25ep_bf16-tag-lm-loss-validation_valid_lm loss validation vs gigaflos (without embeddings).csv,33690624.0,1.0087480743e+19,49902512654.559326,0.25,0.5M,2.535075664520264,2.51920223236084,318,False,True,9cc06609693d,,
CLM,34M_flops,run-gpt_25M_bsz0.5M_lr6.0_1024_noreg_all0.5ep_bf16-tag-lm-loss-validation_valid_lm loss validation vs gigaflos (without embeddings).csv,33690624.0,2.0174961486e+19,99805025309.11865,0.5,0.5M,2.5153212547302246,2.497588872909546,636,False,True,0108782e432f,,
CLM,393M_flops,run-gpt_393M_1024l_1e20flops_all0.21ep-tag-lm-loss-validation_valid_lm loss validation vs gigaflos (without embeddings).csv,393216000.0,1.00120912898e+20,42436774740.43104,0.21,,2.3766438961029053,2.358171224594116,270,False,True,2b8ffa57620a,,
CLM,393M_flops,run-gpt_393M_1024l_3e19flops_all0.06ep-tag-lm-loss-validation_valid_lm loss validation vs gigaflos (without embeddings).csv,393216000.0,2.9988857231e+19,12710934630.9238,0.06,,2.460117816925049,2.4523746967315674,81,False,True,782b85c24b3e,,
CLM,393M_flops,run-gpt_393M_1024l_3e20flops_all0.64ep-tag-lm-loss-validation_valid_lm loss validation vs gigaflos (without embeddings).csv,393216000.0,2.99892286408e+20,127110920549.18077,0.64,,2.3059325218200684,2.2832694053649902,808,False,True,d8cd9b0722be,,
CLM,470M_flops,run-gpt_470M_1024l_1e20flops_all0.18ep-tag-lm-loss-validation_valid_lm loss validation vs gigaflos (without embeddings).csv,472435184.0,1.00026466393e+20,35287544824.7027,0.18,,2.354346990585327,2.352012157440185,225,False,True,c0882d7ab454,,
CLM,470M_flops,run-gpt_470M_1024l_3e19flops_all0.05ep-tag-lm-loss-validation_valid_lm loss validation vs gigaflos (without embeddings).csv,472435184.0,3.0035127078e+19,10595854590.288094,0.05,,2.4641566276550293,2.4554595947265625,68,False,True,d45effe220c8,,
CLM,470M_flops,run-gpt_470M_bsz0.5M_lr4.0_1024_noreg_all0.25ep_bf16-tag-lm-loss-validation_valid_lm loss validation vs gigaflos (without embeddings).csv,472435184.0,1.41680761938e+20,49982433829.483795,0.25,0.5M,2.340637683868408,2.319213390350342,318,False,True,064ea856a420,,
CLM,470M_flops,run-gpt_470M_bsz0.5M_lr4.0_1024_noreg_all0.5ep_bf16-tag-lm-loss-validation_valid_lm loss validation vs gigaflos (without embeddings).csv,472435184.0,2.83361523878e+20,99964867659.67314,0.5,0.5M,2.300533533096313,2.284564018249512,636,False,True,488d36b5f6d9,,
CLM,47M_flops,run-gpt_47M_1024l_1e18flops_bsz250k_all0.02ep-tag-lm-loss-validation_valid_lm loss validation vs gigaflos (without embeddings).csv,47775744.0,1.002500671e+18,3497244232.6940355,0.02,250k,2.633620500564575,2.604065179824829,45,False,True,76a436bb2510,,
CLM,47M_flops,run-gpt_47M_1024l_1e19flops_all0.17ep-tag-lm-loss-validation_valid_lm loss validation vs gigaflos (without embeddings).csv,47775744.0,1.0025157323e+19,34972967743.49204,0.17,,2.520271062850952,2.509243488311768,222,False,True,478bcdd67ed0,,
CLM,47M_flops,run-gpt_47M_1024l_3e18flops_all0.05ep-tag-lm-loss-validation_valid_lm loss validation vs gigaflos (without embeddings).csv,47775744.0,3.01616179e+18,10521942508.455057,0.05,,2.5821847915649414,2.5685300827026367,67,False,True,3e577f658287,,
CLM,47M_flops,run-gpt_47M_1024l_3e19flops_all0.5ep-tag-lm-loss-validation_valid_lm loss validation vs gigaflos (without embeddings).csv,47775744.0,3.0161768506e+19,105219950476.68262,0.5,,2.487875699996948,2.4642367362976074,668,False,True,6eaebda4f4e1,,
CLM,4B_flops,run-gpt_3.4b_1024l_1e21flops_all0.25ep-tag-lm-loss-validation_valid_lm loss validation vs gigaflos (without embeddings) (1).csv,4076863488.0,1.001365243934e+21,40936913343.695786,0.25,,2.231316089630127,2.210124492645264,155,False,True,bd6aeb540183,3.4B_flops/run-gpt_3.4b_1024l_1e21flops_all0.25ep-tag-lm-loss-validation_valid_lm loss validation vs gigaflos (without embeddings).csv,
CLM,550M_flops,run-gpt_550M_1024l_1e20flops_all0.15ep-tag-lm-loss-validation_valid_lm loss validation vs gigaflos (without embeddings).csv,550502400.0,1.00167524359e+20,30326093752.119274,0.15,,2.366021156311035,2.3566231727600098,193,False,True,98f32b336708,,
CLM,550M_flops,run-gpt_550M_1024l_3e19flops_all0.05ep-tag-lm-loss-validation_valid_lm loss validation vs gigaflos (without embeddings).csv,550502400.0,3.0082148961e+19,9107483443.305607,0.05,,2.487795352935791,2.472041130065918,58,False,True,62b9bb70e616,,
CLM,550M_flops,run-gpt_550M_1024l_3e20flops_all0.45ep-tag-lm-loss-validation_valid_lm loss validation vs gigaflos (without embeddings).csv,550502400.0,3.00174990331e+20,90879104351.1648,0.45,,2.296074390411377,2.274808883666992,578,False,True,f3ddcccb5064,,
CLM,5B_flops,run-gpt_5b_1024_noreg_all0.25ep_bf16-tag-lm-loss-validation_valid_lm loss validation vs gigaflos (without embeddings).csv,4917322640.0,1.457016930412e+21,49383815715.75435,0.25,,2.1899523735046387,2.1839873790740967,157,False,True,9a92181ccfb3,,
CLM,5B_flops,run-gpt_5b_1024l_1e21flops_all0.17ep-tag-lm-loss-validation_valid_lm loss validation vs gigaflos (without embeddings).csv,4917322640.0,1.003021591331e+21,33996196194.649807,0.17,,2.248414993286133,2.248317241668701,109,False,True,241a768dea64,,
CLM,65M_flops,run-gpt_49M_1024l_1e18flops_bsz250k_all0.01ep-tag-lm-loss-validation_valid_lm loss validation vs gigaflos (without embeddings).csv,65728000.0,1.000412077e+18,2536747598.689549,0.01,250k,2.648809671401977,2.634188413619995,33,False,True,0edc100c0228,,
CLM,65M_flops,run-gpt_49M_1024l_1e19flops_all0.13ep-tag-lm-loss-validation_valid_lm loss validation vs gigaflos (without embeddings).csv,65728000.0,1.0004327274e+19,25367999619.644592,0.13,,2.508206367492676,2.503077507019043,162,False,True,097cffabd3bd,,
CLM,65M_flops,run-gpt_49M_1024l_3e18flops_all0.04ep-tag-lm-loss-validation_valid_lm loss validation vs gigaflos (without embeddings).csv,65728000.0,2.997209389e+18,7600031921.961214,0.04,,2.5826361179351807,2.5714731216430664,49,False,True,eb71d617b1a9,,
CLM,65M_flops,run-gpt_49M_1024l_3e19flops_all0.38ep-tag-lm-loss-validation_valid_lm loss validation vs gigaflos (without embeddings).csv,65728000.0,2.9973952434e+19,76005031934.63972,0.38,,2.4827980995178223,2.459078550338745,484,False,True,438a9948f10a,,
CLM,65M_flops,run-gpt_49M_1024l_6e18flops_all0.08ep-tag-lm-loss-validation_valid_lm loss validation vs gigaflos (without embeddings).csv,65728000.0,5.986778104e+18,15180689366.277184,0.08,,2.538604259490967,2.528312921524048,97,False,True,0e2c9eb70309,,
CLM,65M_flops,run-gpt_49M_1024l_6e19flops_all0.75ep-tag-lm-loss-validation_valid_lm loss validation vs gigaflos (without embeddings).csv,65728000.0,5.9869020068e+19,151810035469.40927,0.75,,2.4639430046081543,2.433641195297241,967,False,True,ec36a1ed9efb,,
CLM,65M_flops,run-gpt_49M_bsz0.5M_lr6.0_1024_noreg_all0.25ep_bf16-tag-lm-loss-validation_valid_lm loss validation vs gigaflos (without embeddings).csv,65728000.0,1.9693734864e+19,49937456548.19864,0.25,0.5M,2.485702514648437,2.4675934314727783,318,False,True,cb8efa13798f,,
CLM,680M_flops,run-gpt_500M_1024l_1e20flops_all0.12ep-tag-lm-loss-validation_valid_lm loss validation vs gigaflos (without embeddings).csv,680205312.0,9.9961190705e+19,24492896713.563644,0.12,,2.373086929321289,2.361199855804444,156,False,True,b4132ba3d745,,
CLM,680M_flops,run-gpt_500M_1024l_3e20flops_all0.37ep-tag-lm-loss-validation_valid_lm loss validation vs gigaflos (without embeddings).csv,680205312.0,2.99883572117e+20,73478690141.18098,0.37,,2.293102979660034,2.276256561279297,468,False,True,bfc31dbbde34,,
CLM,680M_flops,run-gpt_500M_bsz0.5M_lr3.5_1024_noreg_all0.25ep_bf16-tag-lm-loss-validation_valid_lm loss validation vs gigaflos (without embeddings).csv,680205312.0,2.04001687867e+20,49985321654.12826,0.25,0.5M,2.3177382946014404,2.296230792999268,318,False,True,2ed2c7f90b89,,
CLM,680M_flops,run-gpt_500M_bsz0.5M_lr3.5_1024_noreg_all0.5ep_bf16-tag-lm-loss-validation_valid_lm loss validation vs gigaflos (without embeddings).csv,680205312.0,4.08003375734e+20,99970643308.25652,0.5,0.5M,2.276495218276977,2.258785486221313,636,False,True,6f9f01e93fe8,,
CLM,680M_flops,run-gpt_500M_bsz0.5M_lr3.5_1024_noreg_all0.75ep_bf16-tag-lm-loss-validation_valid_lm loss validation vs gigaflos (without embeddings).csv,680205312.0,6.12007202724e+20,149956489098.98547,0.75,0.5M,2.251667022705078,2.234234571456909,954,False,True,950e5f389bd0,,
CLM,680M_flops,run-gpt_500M_bsz0.5M_lr3.5_1024_noreg_all1ep_bf16-tag-lm-loss-validation_valid_lm loss validation vs gigaflos (without embeddings).csv,680205312.0,8.16008890591e+20,199941810753.1137,1.0,0.5M,2.2383697032928467,2.21781325340271,1000,True,True,feeb087a950b,,TensorBoard export capped at 1000 points; row index is not the evaluation index
CLM,6B_flops,run-gpt_6b_1024l_1e21flops_all0.13ep_wu10-tag-lm-loss-validation_valid_lm loss validation vs gigaflos (without embeddings).csv,6165626880.0,9.99134354602e+20,27008185165.05278,0.13,,2.2697577476501465,2.252535343170166,86,False,True,1df2d53bca54,,
CLM,6M_flops,run-tensorboard_gpt_10M_1024l_1e18flops_all0.06ep-tag-lm-loss-validation_valid_lm loss validation vs gigaflos (without embeddings).csv,6291456.0,9.94218292e+17,26337790277.26915,0.06,,2.62051773071289,2.611557722091675,81,False,True,baa3849a7591,13M_flops/run-gpt_10M_1024l_1e18flops_all0.06ep-tag-lm-loss-validation_valid_lm loss validation vs gigaflos (without embeddings).csv,10M run stored under the 6M directory; the notebook assigns it N=6.29M
CLM,6M_flops,run-tensorboard_gpt_6M_1024l_3e18flops_all0.39ep-tag-lm-loss-validation_valid_lm loss validation vs gigaflos (without embeddings).csv,6291456.0,3.013307733e+18,79825394233.06783,0.39,,2.613112688064575,2.6026411056518555,506,False,True,8f546b89f608,,
CLM,7B_flops,dep-run-gpt_7b_1024_noreg_all1.32ep_pg2xlg_bf16-tag-lm-loss-validation_valid_lm loss validation vs gigaflos (without embeddings).csv,7247758312.0,1.1505050861015e+22,264565731125.5874,1.32,,2.018309593200684,1.998847484588623,841,False,False,9e994e6abff6,,deprecated run; excluded by the notebook's 'run' prefix filter
CLM,7B_flops,run-gpt_7b_1024l_1e21flops_all0.11ep_wu10-tag-lm-loss-validation_valid_lm loss validation vs gigaflos (without embeddings).csv,7247758312.0,1.000419374676e+21,23005259732.50748,0.11,,2.300961494445801,2.292755603790283,74,False,True,91685518ac8d,,
CLM,85M_flops,run-gpt_85M_1024l_1e18flops_bsz250k_all0.01ep-tag-lm-loss-validation_valid_lm loss validation vs gigaflos (without embeddings).csv,84934656.0,1.000295137e+18,1962871977.3312163,0.01,250k,2.672311305999756,2.664633750915528,25,False,True,4f4506aa3b61,,
CLM,85M_flops,run-gpt_85M_1024l_1e19flops_all0.1ep-tag-lm-loss-validation_valid_lm loss validation vs gigaflos (without embeddings).csv,84934656.0,1.0207934275e+19,20030956258.499084,0.1,,2.494500637054444,2.494500637054444,128,False,True,7ca2861b8bad,,
CLM,85M_flops,run-gpt_85M_1024l_3e18flops_all0.03ep-tag-lm-loss-validation_valid_lm loss validation vs gigaflos (without embeddings).csv,84934656.0,2.996068582e+18,5879163902.973442,0.03,,2.584091186523437,2.579691171646118,38,False,True,771220cb8ef0,,
CLM,85M_flops,run-gpt_85M_1024l_3e19flops_all0.3ep-tag-lm-loss-validation_valid_lm loss validation vs gigaflos (without embeddings).csv,84934656.0,2.9960953426e+19,58792164151.070045,0.3,,2.473391056060791,2.4464614391326904,374,False,True,a8f06e5356c3,,
CLM,85M_flops,run-gpt_85M_bsz0.5M_lr5.5_1024_noreg_all0.25ep_bf16-tag-lm-loss-validation_valid_lm loss validation vs gigaflos (without embeddings).csv,84934656.0,2.5520370892e+19,50078440874.201775,0.25,0.5M,2.4658219814300537,2.4473044872283936,318,False,True,d0200d3de1d5,,
CLM,85M_flops,run-gpt_85M_bsz0.5M_lr5.5_1024_noreg_all0.5ep_bf16-tag-lm-loss-validation_valid_lm loss validation vs gigaflos (without embeddings).csv,84934656.0,5.1040741784e+19,100156881748.40355,0.5,0.5M,2.445727825164795,2.425381660461426,636,False,True,121fac4b431e,,
CLM,85M_flops,run-gpt_85M_bsz0.5M_lr5.5_1024_noreg_all0.75ep_bf16-tag-lm-loss-validation_valid_lm loss validation vs gigaflos (without embeddings).csv,84934656.0,7.6561380278e+19,150235847736.09177,0.75,0.5M,2.4263429641723637,2.407661437988281,954,False,True,2b56a79d470d,,
CLM,85M_flops,run-gpt_85M_bsz0.5M_lr5.5_1024_noreg_all1ep_bf16-tag-lm-loss-validation_valid_lm loss validation vs gigaflos (without embeddings).csv,84934656.0,1.02081751171e+20,200314288612.25583,1.0,0.5M,2.4277024269104004,2.4093265533447266,1000,True,True,dad15bb735e4,,TensorBoard export capped at 1000 points; row index is not the evaluation index
CLM,880M_flops,run-gpt_880M_1024l_1e20flops_all0.09ep-tag-lm-loss-validation_valid_lm loss validation vs gigaflos (without embeddings).csv,886308864.0,1.00032949932e+20,18810776918.959034,0.09,,2.3751425743103027,2.3751425743103027,120,False,True,3f9f48de58a3,,
CLM,880M_flops,run-gpt_880M_1024l_3e20flops_all0.28ep-tag-lm-loss-validation_valid_lm loss validation vs gigaflos (without embeddings).csv,886308864.0,3.00098849799e+20,56432330757.44124,0.28,,2.3002631664276123,2.280320167541504,359,False,True,e0b2f71f3af9,,
CLM,880M_flops,run-gpt_880M_lr3.5_1024l_all0.94ep_1e21flops-tag-lm-loss-validation_valid_lm loss validation vs gigaflos (without embeddings).csv,886308864.0,1.000332289018e+21,188108293780.60544,0.94,,2.213336706161499,2.201737403869629,1000,True,True,538c4af10267,,TensorBoard export capped at 1000 points; row index is not the evaluation index
CLM,880M_flops,run-tensorboard_gpt_880M_1024l_1e20flops_all0.09ep-tag-lm-loss-validation_valid_lm loss validation vs gigaflos (without embeddings).csv,886308864.0,1.00032949932e+20,18810776918.959034,0.09,,2.3751425743103027,2.3751425743103027,120,False,True,3f9f48de58a3,880M_flops/run-gpt_880M_1024l_1e20flops_all0.09ep-tag-lm-loss-validation_valid_lm loss validation vs gigaflos (without embeddings).csv,
MLM,1.2B_flops,run-mlm_1b_1024l_1e20flops_all0.07ep-tag-lm-loss-validation_valid_lm loss validation vs gigaflos (without embeddings).csv,1208881136.0,1.00068287429e+20,13796267811.753937,0.07,,2.279003620147705,2.270971775054932,44,False,True,ad68e9c33f9d,,
MLM,1.2B_flops,run-mlm_1b_1024l_1e21flops_all0.69ep-tag-lm-loss-validation_valid_lm loss validation vs gigaflos (without embeddings).csv,1208881136.0,1.00073610211e+21,137970016558.904,0.69,,1.9749616384506223,1.9648454189300537,439,False,True,da747fe03890,,
MLM,1.2B_flops,run-mlm_1b_1024l_3e20flops_all0.21ep-tag-lm-loss-validation_valid_lm loss validation vs gigaflos (without embeddings).csv,1208881136.0,3.00220070234e+20,41390900132.57791,0.21,,2.118471384048462,2.1148223876953125,132,False,True,4f74a4634ae6,,
MLM,1.2B_flops,run-mlm_1b_all0.75ep_noreg_tk200b_cl1024_bsz1m_scratch-tag-lm-loss-validation_valid_lm loss validation vs gigaflos (without embeddings).csv,1208881136.0,1.087755971514e+21,149967318142.51752,0.75,1m,1.9651793241500852,1.9486092329025269,477,False,True,ed9531a6f293,,
MLM,1.2B_flops,run-mlm_1b_all1ep_noreg_tk200b_cl1024_bsz1m_scratch-tag-lm-loss-validation_valid_lm loss validation vs gigaflos (without embeddings).csv,1208881136.0,1.198522368e+21,165238518537.02844,1.0,1m,1.934175,1.917295,635,False,True,68043735b8d5,,FLOPs axis reconstructed from the text log with N=1e9 (17% low); multiply C by 1.208618992
MLM,1.5B_flops,run-mlm_1.5b_1024l_1e20flops_all0.05ep-tag-lm-loss-validation_valid_lm loss validation vs gigaflos (without embeddings).csv,1528823808.0,1.00036731229e+20,10905631146.585773,0.05,,2.2766880989074707,2.2725205421447754,35,False,True,f9032eb40822,,
MLM,1.5B_flops,run-mlm_1.5b_1024l_1e21flops_all0.5ep-tag-lm-loss-validation_valid_lm loss validation vs gigaflos (without embeddings).csv,1528823808.0,1.000367312297e+21,109056311466.62083,0.5,,1.9890403747558596,1.9742991924285889,347,False,True,f62a8b1c5a3e,,
MLM,1.5B_flops,run-mlm_1.5b_1024l_3e20flops_all0.16ep-tag-lm-loss-validation_valid_lm loss validation vs gigaflos (without embeddings).csv,1528823808.0,3.00110193689e+20,32716893439.975353,0.16,,2.1181540489196777,2.1081089973449707,104,False,True,f01697084f38,,
MLM,1.7B_flops,run-mlm_1.7b_1024l_1e21flops_all0.5ep-tag-lm-loss-validation_valid_lm loss validation vs gigaflos (without embeddings).csv,1784851968.0,8.57197860589e+20,80043786633.04736,0.5,,2.008419752120972,1.99307382106781,297,False,True,df1191e91bf8,,
MLM,1.7B_flops,run-mlm_1.7b_1024l_3e20flops_all0.14ep-tag-lm-loss-validation_valid_lm loss validation vs gigaflos (without embeddings).csv,1784851968.0,2.99795695592e+20,27994450050.287495,0.14,,2.155925035476685,2.1520845890045166,90,False,True,16db2fa02d06,,
MLM,106M_flops,run-mlm_106M_1024l_1e19flops_all0.08ep-tag-lm-loss-validation_valid_lm loss validation vs gigaflos (without embeddings).csv,106168320.0,1.0016629791e+19,15724448672.636057,0.08,,2.292452573776245,2.292452573776245,100,False,True,8e8a11f08bb3,,
MLM,106M_flops,run-mlm_106M_1024l_1e20flops_all0.78ep-tag-lm-loss-validation_valid_lm loss validation vs gigaflos (without embeddings).csv,106168320.0,7.1750445491e+19,112636307910.24416,0.78,,2.153855800628662,2.15221643447876,715,False,True,5ccf4407d06d,,
MLM,106M_flops,run-mlm_106M_1024l_3e18flops_all0.02ep-tag-lm-loss-validation_valid_lm loss validation vs gigaflos (without embeddings).csv,106168320.0,3.004821686e+18,4717072044.969095,0.02,,2.407798290252685,2.407798290252685,30,False,True,a965ef5367cb,,
MLM,106M_flops,run-mlm_106M_1024l_3e19flops_all0.24ep-tag-lm-loss-validation_valid_lm loss validation vs gigaflos (without embeddings).csv,106168320.0,3.0050223874e+19,47173871129.03987,0.24,,2.2259325981140137,2.1995675563812256,300,False,True,9fec4f0fb133,,
MLM,10B_flops,run-mlm_10b_all1.33ep_noreg_tk263b_cl1024_bsz1m_scratch-tag-lm-loss-validation_valid_lm loss validation vs gigaflos (without embeddings).csv,10682105856.0,1.7241906435191e+22,269015408690.9503,1.33,1m,1.7977793216705322,1.7926652431488037,856,False,True,6cb2e9080b61,,
MLM,10M_flops,run-mlm_10.1M_1024l_1e18flops_all0.09ep-tag-lm-loss-validation_valid_lm loss validation vs gigaflos (without embeddings).csv,9830400.0,1.006218375e+18,17059637705.485025,0.09,,2.396082878112793,2.3879525661468506,109,False,True,560e96d8b598,,
MLM,127M_flops,run-mlm_130M_1024l_1e19flops_all0.07ep-tag-lm-loss-validation_valid_lm loss validation vs gigaflos (without embeddings).csv,127699968.0,1.002938358e+19,13089775637.218641,0.07,,2.30861234664917,2.30056095123291,84,False,True,5b348c6a21db,,
MLM,127M_flops,run-mlm_130M_1024l_1e20flops_all0.65ep-tag-lm-loss-validation_valid_lm loss validation vs gigaflos (without embeddings).csv,127699968.0,1.00294638604e+20,130898804145.87627,0.65,,2.14614486694336,2.122596740722656,833,False,True,cf38ad2012f8,,
MLM,127M_flops,run-mlm_130M_1024l_3e19flops_all0.2ep-tag-lm-loss-validation_valid_lm loss validation vs gigaflos (without embeddings).csv,127699968.0,3.0011884717e+19,39169788877.0549,0.2,,2.2223501205444336,2.2023134231567383,250,False,True,e1177a39b4ef,,
MLM,13M_flops,run-mlm_10M_1024l_1e18flops_all0.06ep-tag-lm-loss-validation_valid_lm loss validation vs gigaflos (without embeddings).csv,13192320.0,9.94218292e+17,12560569230.178366,0.06,,2.399672031402588,2.389019012451172,81,False,True,06a1a59e445d,,
MLM,13M_flops,run-mlm_10M_1024l_1e19flops_all0.63ep-tag-lm-loss-validation_valid_lm loss validation vs gigaflos (without embeddings).csv,13192320.0,9.942389779e+18,125608305678.35428,0.63,,2.2976536750793457,2.2849903106689453,802,False,True,e1b9b7c9252a,,
MLM,13M_flops,run-mlm_10M_1024l_3e18flops_all0.19ep-tag-lm-loss-validation_valid_lm loss validation vs gigaflos (without embeddings).csv,13192320.0,2.990598033e+18,37782058462.8026,0.19,,2.343022346496582,2.3326916694641118,241,False,True,87a4892f9212,,
MLM,154M_flops,run-mlm_154M_1024l_1e20flops_all0.5ep-tag-lm-loss-validation_valid_lm loss validation vs gigaflos (without embeddings).csv,154448288.0,1.00007856092e+20,107919461142.44615,0.5,,2.145750045776367,2.1290998458862305,687,False,True,3365110f5d24,,
MLM,154M_flops,run-mlm_154M_1024l_3e18flops_all0.02ep-tag-lm-loss-validation_valid_lm loss validation vs gigaflos (without embeddings).csv,154448288.0,2.999852144e+18,3237169953.825149,0.02,,2.4224624633789062,2.4224624633789062,21,False,True,a0c614917a64,,
MLM,154M_flops,run-mlm_154M_1024l_3e19flops_all0.16ep-tag-lm-loss-validation_valid_lm loss validation vs gigaflos (without embeddings).csv,154448288.0,3.0002405376e+19,32375890731.789787,0.16,,2.2154061794281006,2.2110633850097656,206,False,True,ea4a59b912c8,,
MLM,154M_flops,run-mlm_154M_all1ep-tag-lm-loss-validation_valid_lm loss validation vs gigaflos (without embeddings).csv,154448288.0,1.85199967258e+20,199851106214.05313,1.0,,2.1064510345458984,2.0943305492401123,1000,True,True,9b81fcb8139c,,TensorBoard export capped at 1000 points; row index is not the evaluation index
MLM,170M_flops,run-mlm_170M_1024l_1e20flops_all0.5ep-tag-lm-loss-validation_valid_lm loss validation vs gigaflos (without embeddings).csv,170233344.0,9.9937091744e+19,97843240142.973,0.5,,2.1367456912994385,2.1182188987731934,623,False,True,ff9c42a9beba,,
MLM,170M_flops,run-mlm_170M_all0.25ep_noreg_tk200b_cl1024_bsz0.5m_scratch-tag-lm-loss-validation_valid_lm loss validation vs gigaflos (without embeddings).csv,170233344.0,5.1040280986e+19,49970900516.80279,0.25,0.5m,2.1687171459198,2.155034065246582,318,False,True,f1f1f4b27d6d,,
MLM,2.4B_flops,run-mlm_2.4b_1024l_1e21flops_all0.35ep-tag-lm-loss-validation_valid_lm loss validation vs gigaflos (without embeddings).csv,2359296000.0,9.99795131587e+20,70628069530.55771,0.35,,2.0064284801483154,1.991987228393555,225,False,True,f9a061bc189e,,
MLM,2.4B_flops,run-mlm_2.4b_1024l_3e20flops_all0.1ep-tag-lm-loss-validation_valid_lm loss validation vs gigaflos (without embeddings).csv,2359296000.0,3.00210283463e+20,21207617545.16319,0.1,,2.156769275665283,2.1533522605896,68,False,True,b4567ed7c0f1,,
MLM,2.8B_flops,run-mlm_3b_1024l_1e21flops_all0.3ep-tag-lm-loss-validation_valid_lm loss validation vs gigaflos (without embeddings).csv,2834283904.0,9.99818867825e+20,58793149739.04369,0.3,,2.026927947998047,2.011220693588257,187,False,True,5706efc56dbd,,
MLM,2.8B_flops,run-mlm_3b_1024l_3e20flops_all0.09ep-tag-lm-loss-validation_valid_lm loss validation vs gigaflos (without embeddings).csv,2834283904.0,2.99253867564e+20,17597264876.53934,0.09,,2.1742684841156006,2.174260139465332,56,False,True,8b0a01082a4f,,
MLM,2.8B_flops,run-mlm_3b_all1ep_noreg_tk200b_cl1024_bsz1m_scratch-tag-lm-loss-validation_valid_lm loss validation vs gigaflos (without embeddings).csv,2834283904.0,3.400732076738e+21,199975972292.8354,1.0,1m,1.877838373184204,1.8602927923202517,636,False,True,9e57eff1921f,,
MLM,230M_flops,run-mlm_230M_1024l_1e19flops_all0.04ep-tag-lm-loss-validation_valid_lm loss validation vs gigaflos (without embeddings).csv,231211008.0,1.001395222e+19,7218479998.437906,0.04,,2.346802234649658,2.3313348293304443,46,False,True,abde8bf747ea,,
MLM,230M_flops,run-mlm_230M_1024l_1e20flops_all0.36ep-tag-lm-loss-validation_valid_lm loss validation vs gigaflos (without embeddings).csv,231211008.0,1.00146076316e+20,72189524468.20064,0.36,,2.1300911903381348,2.114820003509521,459,False,True,5bebf358692c,,
MLM,230M_flops,run-mlm_230M_1024l_2e20flops_all0.75ep-tag-lm-loss-validation_valid_lm loss validation vs gigaflos (without embeddings).csv,231211008.0,2.08349338827e+20,150187009281.5823,0.75,,2.083373546600342,2.0684473514556885,954,False,True,e504ba798986,,
MLM,230M_flops,run-mlm_230M_1024l_3e19flops_all0.1ep-tag-lm-loss-validation_valid_lm loss validation vs gigaflos (without embeddings).csv,231211008.0,3.0001803765e+19,21626568175.767826,0.1,,2.230540990829468,2.2144832611083984,138,False,True,eb907b68c0c0,,
MLM,230M_flops,run-mlm_230M_1024l_3e20flops_all1ep-tag-lm-loss-validation_valid_lm loss validation vs gigaflos (without embeddings).csv,231211008.0,3.00023135299e+20,216269356358.52887,1.0,,2.070000648498535,2.0438098907470703,1000,True,True,7092a7148199,,TensorBoard export capped at 1000 points; row index is not the evaluation index
MLM,25M_flops,run-mlm_25.1M_1024l_1e18flops_all0.03ep-tag-lm-loss-validation_valid_lm loss validation vs gigaflos (without embeddings).csv,25165824.0,1.001744824e+18,6634293821.122911,0.03,,2.4320876598358154,2.4172229766845703,43,False,True,11e71d020937,,
MLM,25M_flops,run-mlm_25.1M_1024l_1e19flops_all0.3ep-tag-lm-loss-validation_valid_lm loss validation vs gigaflos (without embeddings).csv,25165824.0,1.001792428e+19,66346090899.57343,0.3,,2.298612356185913,2.2833611965179443,421,False,True,3d7784f56ab8,,
MLM,25M_flops,run-mlm_25.1M_1024l_3e18flops_all0.1ep-tag-lm-loss-validation_valid_lm loss validation vs gigaflos (without embeddings).csv,25165824.0,3.011422979e+18,19943866325.74929,0.1,,2.3741378784179688,2.357588529586792,127,False,True,bad73e3d9a35,,
MLM,25M_flops,run-mlm_25.1M_1024l_3e19flops_all1ep-tag-lm-loss-validation_valid_lm loss validation vs gigaflos (without embeddings).csv,25165824.0,3.0114388479e+19,199439714213.2123,1.0,,2.244920492172241,2.2348649501800537,1000,True,True,7f7498c11d8d,,TensorBoard export capped at 1000 points; row index is not the evaluation index
MLM,280M,run-mlm_280M_all0.48ep_1.5e20-tag-lm-loss-validation_valid_lm loss validation vs gigaflos (without embeddings).csv,,1.49635792532e+20,,0.48,,2.103755235671997,2.084836959838867,573,False,False,2a199cd16b7a,,model size not in the notebook's size map; excluded from its fits
MLM,3.4B_flops,run-mlm_3.4b_1024l_1e21flops_all0.25ep-tag-lm-loss-validation_valid_lm loss validation vs gigaflos (without embeddings).csv,3425697792.0,1.001365243934e+21,48718310094.9768,0.25,,2.041014671325684,2.032409906387329,154,False,True,5576ecd6cd1b,,
MLM,300M_flops,run-mlm_300M_1024l_1e19flops_all0.03ep-tag-lm-loss-validation_valid_lm loss validation vs gigaflos (without embeddings).csv,302426080.0,1.0011473905e+19,5517311814.399957,0.03,,2.374008178710937,2.364632129669189,36,False,True,e6ac7bb35d6b,,
MLM,300M_flops,run-mlm_300M_1024l_1e20flops_all0.25ep-tag-lm-loss-validation_valid_lm loss validation vs gigaflos (without embeddings).csv,302426080.0,9.9937864607e+19,55075642840.83348,0.25,,2.1429338455200195,2.129113912582397,351,False,True,4d6c15cf353f,,
MLM,300M_flops,run-mlm_300M_1024l_3e19flops_all0.08ep-tag-lm-loss-validation_valid_lm loss validation vs gigaflos (without embeddings).csv,302426080.0,2.9926965735e+19,16492716575.567822,0.08,,2.254923105239868,2.235653877258301,105,False,True,52f7d320976c,,
MLM,300M_flops,run-mlm_300M_1024l_3e20flops_all0.75ep-tag-lm-loss-validation_valid_lm loss validation vs gigaflos (without embeddings).csv,302426080.0,2.99271559232e+20,164928213880.67236,0.75,,2.0606260299682617,2.048039197921753,1000,True,True,2a4273d444de,,TensorBoard export capped at 1000 points; row index is not the evaluation index
MLM,34M_flops,run-mlm_25M_1024l_1e18flops_all0.02ep-tag-lm-loss-validation_valid_lm loss validation vs gigaflos (without embeddings).csv,33690624.0,9.9862537e+17,4940174502.753842,0.02,,2.4301650524139404,2.4301650524139404,32,False,True,545d8f057bad,,
MLM,34M_flops,run-mlm_25M_1024l_1e19flops_all0.25ep-tag-lm-loss-validation_valid_lm loss validation vs gigaflos (without embeddings).csv,33690624.0,9.986571029e+18,49403314846.09289,0.25,,2.2887349128723145,2.276081085205078,315,False,True,39b42b4864c7,,
MLM,34M_flops,run-mlm_25M_1024l_3e18flops_all0.07ep-tag-lm-loss-validation_valid_lm loss validation vs gigaflos (without embeddings).csv,33690624.0,2.985827449e+18,14770813035.895882,0.07,,2.3712892532348637,2.3698863983154297,95,False,True,1606a2ef9302,,
MLM,34M_flops,run-mlm_25M_1024l_3e19flops_all0.75ep-tag-lm-loss-validation_valid_lm loss validation vs gigaflos (without embeddings).csv,33690624.0,2.9859014926e+19,147711793277.16418,0.75,,2.243083000183105,2.224959135055542,941,False,True,a070d9e48050,,
MLM,393M_flops,run-mlm_393M_1024l_1e20flops_all0.21ep-tag-lm-loss-validation_valid_lm loss validation vs gigaflos (without embeddings).csv,393216000.0,1.00120912898e+20,42436774740.43104,0.21,,2.149443864822388,2.128030300140381,270,False,True,6b77f2fcd610,,
MLM,393M_flops,run-mlm_393M_1024l_3e19flops_all0.06ep-tag-lm-loss-validation_valid_lm loss validation vs gigaflos (without embeddings).csv,393216000.0,2.9988857231e+19,12710934630.9238,0.06,,2.27979040145874,2.269314765930176,81,False,True,5f5f04a82d3c,,
MLM,393M_flops,run-mlm_393M_1024l_3e20flops_all0.64ep-tag-lm-loss-validation_valid_lm loss validation vs gigaflos (without embeddings).csv,393216000.0,2.99892286408e+20,127110920549.18077,0.64,,2.0518288612365723,2.0419631004333496,808,False,True,a9756cd0aed0,,
MLM,470M_flops,run-mlm_470M_1024l_1e20flops_all0.18ep-tag-lm-loss-validation_valid_lm loss validation vs gigaflos (without embeddings).csv,472435184.0,1.00026466393e+20,35287544824.7027,0.18,,2.1333768367767334,2.1333768367767334,225,False,True,9146833189ea,,
MLM,470M_flops,run-mlm_470M_1024l_3e19flops_all0.05ep-tag-lm-loss-validation_valid_lm loss validation vs gigaflos (without embeddings).csv,472435184.0,3.0035127078e+19,10595854590.288094,0.05,,2.2917637825012207,2.2850558757781982,68,False,True,29a93e90430b,,
MLM,470M_flops,run-mlm_470M_1024l_3e20flops_all0.5ep-tag-lm-loss-validation_valid_lm loss validation vs gigaflos (without embeddings).csv,472435184.0,3.00363155885e+20,105962738754.93858,0.5,,2.0540900230407715,2.046610116958618,674,False,True,232aad9bf156,,
MLM,47M_flops,run-mlm_47M_1024l_1e19flops_all0.17ep-tag-lm-loss-validation_valid_lm loss validation vs gigaflos (without embeddings).csv,47775744.0,1.0025157323e+19,34972967743.49204,0.17,,2.277523994445801,2.272056102752685,222,False,True,ff1ed16c0bc1,,
MLM,47M_flops,run-mlm_47M_1024l_3e19flops_all0.5ep-tag-lm-loss-validation_valid_lm loss validation vs gigaflos (without embeddings).csv,47775744.0,3.0161768506e+19,105219950476.68262,0.5,,2.223907947540283,2.2030959129333496,668,False,True,2f5e7c30ad61,,
MLM,4B_flops,run-mlm_4b_1024l_1e21flops_all0.2ep-tag-lm-loss-validation_valid_lm loss validation vs gigaflos (without embeddings).csv,4076863488.0,1.000845631133e+21,40915671000.46921,0.2,,2.057302713394165,2.05314040184021,131,False,True,6407dea5ddc2,,
MLM,550M_flops,run-mlm_550M_1024l_1e20flops_all0.15ep-tag-lm-loss-validation_valid_lm loss validation vs gigaflos (without embeddings).csv,550502400.0,1.00167524359e+20,30326093752.119274,0.15,,2.1534953117370605,2.143392562866211,193,False,True,9b99f9fb2856,,
MLM,550M_flops,run-mlm_550M_1024l_3e19flops_all0.05ep-tag-lm-loss-validation_valid_lm loss validation vs gigaflos (without embeddings).csv,550502400.0,2.5728264863e+19,7789328700.1715765,0.05,,2.31984281539917,2.312088966369629,58,False,True,7e12715edb8f,,
MLM,550M_flops,run-mlm_550M_1024l_3e20flops_all0.45ep-tag-lm-loss-validation_valid_lm loss validation vs gigaflos (without embeddings).csv,550502400.0,3.00174990331e+20,90879104351.1648,0.45,,2.063246726989746,2.043506622314453,579,False,True,7b3e336c9f01,,
MLM,5B_flops,run-mlm_5b_1024l_1e21flops_all0.17ep-tag-lm-loss-validation_valid_lm loss validation vs gigaflos (without embeddings).csv,4917322640.0,1.003021591331e+21,33996196194.649807,0.17,,2.103798151016236,2.0983142852783203,109,False,True,4b0358eddd04,,
MLM,609M_flops,run-mlm_609M_all0.58ep_4e20-tag-lm-loss-validation_valid_lm loss validation vs gigaflos (without embeddings).csv,,4.23472934609e+20,,0.58,,2.036506414413452,2.018716335296631,736,False,False,48929069bac2,,model size not in the notebook's size map; excluded from its fits
MLM,65M_flops,run-mlm_49M_1024l_1e19flops_all0.13ep-tag-lm-loss-validation_valid_lm loss validation vs gigaflos (without embeddings).csv,65728000.0,1.0004327274e+19,25367999619.644592,0.13,,2.290457248687744,2.2855262756347656,162,False,True,e252d8f89690,,
MLM,65M_flops,run-mlm_49M_1024l_3e18flops_all0.04ep-tag-lm-loss-validation_valid_lm loss validation vs gigaflos (without embeddings).csv,65728000.0,2.997209389e+18,7600031921.961214,0.04,,2.386813163757324,2.379170179367065,49,False,True,b3345fd504a0,,
MLM,65M_flops,run-mlm_49M_1024l_3e19flops_all0.38ep-tag-lm-loss-validation_valid_lm loss validation vs gigaflos (without embeddings).csv,65728000.0,2.9973952434e+19,76005031934.63972,0.38,,2.2305450439453125,2.2068114280700684,484,False,True,bc999ce67c83,,
MLM,65M_flops,run-mlm_49M_1024l_bsz256_1e18flops_all0.01ep-tag-lm-loss-validation_valid_lm loss validation vs gigaflos (without embeddings).csv,65728000.0,1.000412077e+18,2536747598.689549,0.01,256,2.454048156738281,2.4352872371673584,33,False,True,c87ab33a95c0,,
MLM,680M_flops,run-mlm_500M_1024l_1e20flops_all0.12ep-tag-lm-loss-validation_valid_lm loss validation vs gigaflos (without embeddings).csv,680205312.0,9.9961190705e+19,24492896713.563644,0.12,,2.185706853866577,2.1732513904571533,156,False,True,30c31f037180,,
MLM,680M_flops,run-mlm_500M_1024l_3e20flops_all0.37ep-tag-lm-loss-validation_valid_lm loss validation vs gigaflos (without embeddings).csv,680205312.0,2.99883572117e+20,73478690141.18098,0.37,,2.0763275623321533,2.061962604522705,468,False,True,ad18e860298a,,
MLM,6M_flops,run-mlm_6M_1024l_1e18flops_all0.13ep-tag-lm-loss-validation_valid_lm loss validation vs gigaflos (without embeddings).csv,6291456.0,1.004422662e+18,26608113765.716553,0.13,,2.4007458686828613,2.396369695663452,169,False,True,b95a2fc6f195,,
MLM,6M_flops,run-mlm_6M_1024l_3e18flops_all0.39ep-tag-lm-loss-validation_valid_lm loss validation vs gigaflos (without embeddings).csv,6291456.0,3.013307733e+18,79825394233.06783,0.39,,2.361924171447754,2.351791858673096,506,False,True,d4fd68b6a392,,
MLM,736M_flops,run-mlm_736M_all0.58ep_5e20-tag-lm-loss-validation_valid_lm loss validation vs gigaflos (without embeddings).csv,,5.24659878091e+20,,0.58,,2.019793748855591,2.014399766921997,755,False,False,8b8be926dff6,,model size not in the notebook's size map; excluded from its fits
MLM,7B_flops,run-mlm_7b_1024l_1e21flops_all0.11ep_lr1.2-tag-lm-loss-validation_valid_lm loss validation vs gigaflos (without embeddings).csv,7247758312.0,1.000419374676e+21,23005259732.50748,0.11,,2.148233413696289,2.1431171894073486,74,False,True,1dcb5c920fba,,
MLM,85M_flops,run-mlm_85M_1024l_1e19flops_all0.1ep-tag-lm-loss-validation_valid_lm loss validation vs gigaflos (without embeddings).csv,84934656.0,1.0004021783e+19,19630820237.069466,0.1,,2.28713607788086,2.2814900875091557,125,False,True,9771abd950ce,,
MLM,85M_flops,run-mlm_85M_1024l_3e18flops_all0.03ep-tag-lm-loss-validation_valid_lm loss validation vs gigaflos (without embeddings).csv,84934656.0,2.996068582e+18,5879163902.973442,0.03,,2.39237117767334,2.3889825344085693,38,False,True,4602176f0c28,,
MLM,85M_flops,run-mlm_85M_1024l_bsz256_1e18flops_all0.01ep-tag-lm-loss-validation_valid_lm loss validation vs gigaflos (without embeddings).csv,84934656.0,1.000295137e+18,1962871977.3312163,0.01,256,2.465641736984253,2.451131820678711,25,False,True,177897cc3b14,,
MLM,85M_flops,run-mlm_85M_all0.75ep_noreg_tk150b_cl1024_bsz0.5m_scratch-tag-lm-loss-validation_valid_lm loss validation vs gigaflos (without embeddings).csv,84934656.0,7.6561380278e+19,150235847736.09177,0.75,0.5m,2.164946794509888,2.140316963195801,954,False,True,18370deb6410,,
MLM,85M_flops,run-mlm_85M_all1ep_noreg_tk200b_cl1024_bsz0.5m_scratch-tag-lm-loss-validation_valid_lm loss validation vs gigaflos (without embeddings).csv,84934656.0,1.3166003417e+19,25835554132.736267,1.0,0.5m,2.281765937805176,2.2678747177124023,139,False,True,6577075db731,,
MLM,880M_flops,run-mlm_880M_1024l_1e20flops_all0.09ep-tag-lm-loss-validation_valid_lm loss validation vs gigaflos (without embeddings).csv,886308864.0,1.00032949932e+20,18810776918.959034,0.09,,2.204306602478028,2.204306602478028,120,False,True,32f46438fb3d,,
MLM,880M_flops,run-mlm_880M_1024l_1e21flops_all0.28ep-tag-lm-loss-validation_valid_lm loss validation vs gigaflos (without embeddings).csv,886308864.0,1.000332289018e+21,188108293780.60544,0.28,,1.979753017425537,1.9756792783737185,1000,True,True,25c65c6e29e4,,TensorBoard export capped at 1000 points; row index is not the evaluation index
MLM,880M_flops,run-mlm_880M_1024l_3e20flops_all0.28ep_fix-tag-lm-loss-validation_valid_lm loss validation vs gigaflos (without embeddings).csv,886308864.0,3.00098849799e+20,56432330757.44124,0.28,,2.109191417694092,2.0954184532165527,359,False,True,af1813e8dd49,,
MLM,880M_flops,run-mlm_880M_1024l_6e20flops_all0.5ep-tag-lm-loss-validation_valid_lm loss validation vs gigaflos (without embeddings).csv,886308864.0,5.85300718376e+20,110063346640.89893,0.5,,2.0161290168762207,2.0161290168762207,700,False,True,7b4a500259fb,,
